model_region,county_group,candidate_rows,metric_mean,metric_std,metric_min,metric_max,capacity_mw,assigned_clusters,max_possible_clusters,remaining_capacity
AZ1,04005,1214,30.35188391103789,1.3944775028308523,26.963272,35.567307,143152.6994439,1,1214,1213
AZ1,04012,377,26.83068580371353,0.9284753102704265,23.984173,31.331976,36432.4338526,1,377,376
AZ1,04013,51,29.281596274509802,1.0943439800670545,27.556498,31.53446,4170.152205,1,51,50
AZ1,04015,981,25.356120209989808,1.4566296452086516,22.663147,29.62954,87845.1579742,1,981,980
AZ1,04025,497,28.233113937625752,1.3595128087134216,25.640427,31.274826,46211.2294086,1,497,496
AZ1,04027,147,30.35460982993197,1.0403213927162895,27.321175,32.537636,10679.2108812,1,147,146
AZ1,06025,316,32.49859846518987,1.0353674082014688,30.450165,34.94969,22484.8131995,1,316,315
AZ1,06065,135,30.368464000000003,1.2453438513586057,27.620584,33.18686,10735.6439375,1,135,134
AZ1,06071,78,27.84753714102564,1.2069089158083706,25.710636,32.61262,5066.7119,1,78,77
AZ1,06073,11,32.02775227272727,0.6135987035110314,30.968424,32.913227,974.7766210000001,1,11,10
AZ1,32003,14,25.879455285714283,0.32951851379210617,25.29741,26.49797,1111.05241,1,14,13
AZ1,49037,2,35.7303215,0.11049886958923934,35.652187,35.808456,213.09223,1,2,1
AZ2,04001,82,32.99400368292683,0.5783887296139932,31.57669,33.92041,7896.790561,1,82,81
AZ2,04003,17,23.818088764705884,0.3195183649507742,23.407148,24.722717,322.0047414,1,17,16
AZ2,04005,225,37.879707106666665,4.921275582668942,23.610842,42.467392,17330.1922051,7,225,218
AZ2,04007,304,30.38507167763158,1.9661710997567234,25.506811,34.226707,25585.4228825,2,304,302
AZ2,04009,266,30.54138980075188,1.2133193500946446,22.86842,33.68598,27368.136157,1,266,265
AZ2,04012,27,29.626272592592592,0.20342882132262494,29.028196,29.968561,2816.260256,1,27,26
AZ2,04013,730,26.727229489041097,2.0152584256507886,23.25871,32.571564,55866.8123868,2,730,728
AZ2,04017,89,33.47604673033708,1.227755215689114,31.589327,36.259624,7256.4697168,1,89,88
AZ2,04019,211,28.254205668246446,0.9548816132708007,26.488703,31.835915,24928.028711,1,211,210
AZ2,04021,808,25.72970707549505,1.0527698847399918,23.541727,29.00992,72460.659294,1,808,807
AZ2,04025,328,28.581291439024394,1.9459211077452805,23.565632,32.92073,22587.7362503,2,328,326
AZ2,04027,18,24.132822722222222,1.350567230305052,23.5279,29.493422,687.5213928000001,1,18,17
AZ2,49017,25,43.8379082,1.5898961977333086,41.50131,45.912518,1115.746772,1,25,24
AZ2,49025,31,41.235718322580645,0.8415373459882541,40.076344,43.085808,2231.83543,1,31,30
AZ2,49037,95,43.31204561052632,1.310985473266334,41.19313,47.407833,3011.302424,1,95,94
AZ3,04001,1638,27.62954537057387,1.9493738317271077,23.177225,33.471355,204076.885103,2,1638,1636
AZ3,04005,526,31.033048226235742,1.1364321840358167,29.237103,34.516636,67589.597774,1,526,525
AZ3,04007,1,33.409126,0.0,33.409126,33.409126,46.348797,1,1,0
AZ3,04017,1411,29.51516561800142,1.436541313359828,26.53824,33.393154,168893.0424306,1,1411,1410
AZ3,08007,24,33.397997374999996,0.439747021323458,32.617546,34.060047,1396.743449,1,24,23
AZ3,08067,145,31.570202655172416,1.087200541317218,29.428864,33.75918,12315.0421565,1,145,144
AZ3,08083,235,31.027920136170213,1.164936460685429,29.035164,33.03341,19992.3273681,1,235,234
AZ3,35003,237,29.80013435443038,0.7644361851159648,28.439222,32.03173,29174.485793,1,237,236
AZ3,35006,318,27.92774798427673,0.6573195583564302,26.72559,30.371223,36591.2441268,1,318,317
AZ3,35031,801,26.05495306616729,1.14276125512918,23.187445,28.660507,93524.950324,1,801,800
AZ3,35039,58,30.422230086206895,1.135212145941835,28.194454,32.15461,4986.034797,1,58,57
AZ3,35043,19,28.231694684210527,0.2769632756080872,27.730131,28.65004,2333.18152,1,19,18
AZ3,35045,870,27.745257328735633,1.3875612385696587,24.238914,32.481915,94140.0307969,1,870,869
AZ3,49037,416,31.854397021634615,0.9139879584950301,30.175661,34.38907,40476.0169664,1,416,415
AZ4,04003,855,27.930653295906435,1.2373586715334237,25.120594,30.43854,87014.7961461,1,855,854
AZ4,04005,1,33.009613,0.0,33.009613,33.009613,10.125,1,1,0
AZ4,04007,4,31.513659,0.2919378774511216,31.193449,31.837563,358.899994,1,4,3
AZ4,04009,355,29.312143490140848,1.1928770726585223,26.948807,31.959692,33612.7114059,1,355,354
AZ4,04011,45,30.099348955555556,0.30767249532401647,29.16533,30.710361,4337.814204,1,45,44
AZ4,04017,56,32.76643503571429,0.7467320047116334,31.390951,34.29147,3829.735199,1,56,55
AZ4,04019,879,26.747536335608643,1.6579425766882616,23.811724,31.13812,87946.4093599,1,879,878
AZ4,04021,7,27.44675414285714,0.687213622518604,26.661757,28.080154,653.391119,1,7,6
AZ4,04023,100,26.319458989999998,0.7978206761373975,24.904562,28.101164,6690.0835144,1,100,99
AZ4,35003,10,30.9112675,0.9005660656373924,29.83267,32.097843,290.224577,1,10,9
AZ4,35017,52,30.37116423076923,1.3595705568607368,28.324297,33.346294,4256.781031,1,52,51
AZ4,35023,330,30.793159784848484,0.5322184587876198,29.642096,31.92037,31160.039714,1,330,329
AZ4,35029,5,28.6403434,0.9641207700331437,28.149462,30.36232,521.749386,1,5,4
CA1,06023,37,44.83459605405405,1.7693905922355646,40.274906,47.114002,2212.986294,1,37,36
CA1,06035,165,32.989134575757575,0.743728630970447,31.419228,34.321835,14203.484491,1,165,164
CA1,06049,126,31.105154666666667,0.5836071954008792,30.335192,34.57838,9300.805458,1,126,125
CA1,06089,319,32.430104188087775,1.2286230948677366,28.466724,35.79474,24661.295343,1,319,318
CA1,06093,378,27.78998398941799,1.3016011560729186,24.19869,31.995974,25746.5444528,1,378,377
CA1,06103,131,33.832195053435115,0.46030464066226967,32.934536,34.904987,10575.484266,1,131,130
CA1,06105,38,34.42263563157895,2.329245460657295,30.754414,39.31694,1293.713563,2,38,36
CA1,41029,1,29.032444,0.0,29.032444,29.032444,130.16634,1,1,0
CA1,41035,334,32.25972364670658,1.683650344861052,29.087095,36.599754,28918.4339976,1,334,333
CA1,41037,23,34.93903417391304,0.4235731587939621,34.01509,35.49482,1548.146337,1,23,22
CA2,06025,46,32.739432,2.9457174600507785,25.298174,34.99414,3746.4762165,2,46,44
CA2,06029,260,35.79704126923077,5.7907039627191725,24.778572,41.033405,23059.3863625,11,260,249
CA2,06037,130,31.670682046153846,2.8557298731753122,25.92006,37.38184,7611.0165902,2,130,128
CA2,06059,12,29.00874041666667,1.7554451207856836,26.907286,31.643972,529.9722624,1,12,11
CA2,06065,262,28.056170832061067,1.8181840871581725,24.574028,32.830654,11203.2003936,2,262,260
CA2,06071,399,29.17684186967419,2.229353100855956,24.90186,34.56511,22194.8216219,2,399,397
CA2,06073,4,29.82072325,0.6675990345526143,29.15765,30.440613,124.855853,1,4,3
CA2,06079,19,40.17200589473684,0.9325020779435808,38.767628,41.200073,1213.570832,1,19,18
CA2,06083,74,41.50692835135135,1.9182766305678371,30.055037,43.686974,5061.472665,2,74,72
CA2,06107,146,35.04780853424657,5.884673806426199,25.838688,40.510708,8403.5045642,12,146,134
CA2,06111,74,28.323693513513515,3.5920732615404116,25.37374,42.510544,2031.9759031,3,74,71
CA3,04027,16,32.5160978125,0.22476540773236256,32.144188,32.91069,1156.7000694,1,16,15
CA3,06025,14,33.56450164285714,0.43196680366980417,32.969093,34.297962,816.953392,1,14,13
CA3,06059,1,32.435314,0.0,32.435314,32.435314,48.711864,1,1,0
CA3,06065,9,29.58239,0.9658852259965992,29.131624,32.14566,213.5180755,1,9,8
CA3,06073,268,28.32307248134328,1.481307256722064,24.9007,33.788914,10733.5385338,1,268,267
CA4,06001,37,29.215082945945948,1.5055826747711862,26.839663,32.80469,1767.2231395,1,37,36
CA4,06003,1,32.834755,0.0,32.834755,32.834755,5.0624995,1,1,0
CA4,06005,76,30.03898222368421,0.8454289257465095,28.103865,31.963997,4430.3611447,1,76,75
CA4,06007,193,31.90912643523316,1.1856858351043025,29.711096,34.870834,10616.7734857,1,193,192
CA4,06009,129,31.79361381395349,1.264946637998385,25.884043,34.18569,8638.9809065,1,129,128
CA4,06011,143,29.274076167832167,0.6644661030888008,26.661554,30.60517,10702.180936,1,143,142
CA4,06013,27,29.491492111111114,1.8451446310670714,26.701675,32.47627,812.9630517,2,27,25
CA4,06017,139,29.913765431654674,1.3544071610357595,27.070621,32.176983,5214.7493787,1,139,138
CA4,06019,571,35.96990906654991,1.5347221406869287,26.14811,38.50791,42713.9383792,1,571,570
CA4,06021,151,31.20267329139073,0.5534634082421178,30.013275,32.487923,13533.6327516,1,151,150
CA4,06023,81,48.639366333333335,4.106989561568659,38.39715,60.186058,3122.547244,4,81,77
CA4,06029,222,38.609773653153155,1.1366425990535522,36.7134,40.845,22092.5203775,1,222,221
CA4,06031,168,37.360778351190476,0.6051885225978187,36.2865,38.688904,12425.2514237,1,168,167
CA4,06033,86,32.32336503488372,1.234946060826894,29.653334,35.141464,4127.0818149,1,86,85
CA4,06039,203,33.89688560098522,3.6738074070338507,25.932178,37.581547,15566.7792113,3,203,200
CA4,06041,22,31.194485681818183,1.7496681751958245,28.207844,34.565323,935.9250138,1,22,21
CA4,06043,115,35.60876365217391,1.2517182631626624,26.136,38.061302,9738.0316148,1,115,114
CA4,06045,181,37.386191000000004,2.139841782364811,33.444782,47.50868,8411.7625109,2,181,179
CA4,06047,227,34.51046688105727,1.7359281896807897,25.997156,36.12512,17109.370019,1,227,226
CA4,06053,299,36.65263237792642,3.258461120818549,26.235403,40.075047,19114.5381283,2,299,297
CA4,06055,89,30.156191303370786,1.668814578069282,25.986464,33.07067,3680.6805168,1,89,88
CA4,06057,79,31.24864869620253,1.4371308227139947,28.709042,34.174625,2905.5101081,1,79,78
CA4,06061,79,29.171369645569623,2.1813661489967124,26.195515,33.712326,3101.0443904,2,79,77
CA4,06063,21,34.797159095238094,1.5064317563668097,32.879635,36.790535,1229.793165,1,21,20
CA4,06067,77,27.751707909090907,0.8889297605332995,26.238556,30.241491,3914.7187425,1,77,76
CA4,06069,155,34.074384787096776,1.4118407738838539,26.95888,37.369057,10187.5136465,1,155,154
CA4,06077,157,29.555519751592357,2.0903403608071,25.897459,32.809914,8201.271758,2,157,155
CA4,06079,327,38.65630866666667,3.4896463221965557,25.42027,43.58244,24013.6419546,3,327,324
CA4,06081,18,32.54858911111111,2.7818083552358694,27.657143,36.12413,576.5184985,2,18,16
CA4,06083,102,39.41298415686274,5.0825609066034,25.280487,42.797062,6645.966188,7,102,95
CA4,06085,56,30.51621325,2.5752139255578568,26.525444,35.66367,2500.3553902999997,2,56,54
CA4,06087,16,32.8370839375,2.1013010094015407,29.82075,36.80118,193.5764399,2,16,14
CA4,06089,10,26.777108399999996,0.12902235134029272,26.59369,26.97001,356.0688812,1,10,9
CA4,06091,7,33.199743857142856,0.25507957525540154,32.76628,33.564278,305.999999,1,7,6
CA4,06095,88,28.20634344318182,1.0767293286228934,25.954456,32.35413,4378.7752055,1,88,87
CA4,06097,136,31.304064683823526,3.8270100751971228,26.762745,39.58148,4949.9535951,3,136,133
CA4,06099,191,31.947030162303665,2.7293137003821824,25.933645,34.50422,12538.6977056,2,191,189
CA4,06101,72,28.408496513888892,0.9190081767648753,26.56451,29.817087,6033.735837,1,72,71
CA4,06103,190,33.179252589473684,1.3598202726430868,26.795378,36.39051,13977.0614978,1,190,189
CA4,06105,11,43.87374572727273,2.6975209439166963,40.186157,46.615124,684.870951,2,11,9
CA4,06107,243,38.38340980246914,0.6631720354728088,37.152096,39.750824,14325.8418395,1,243,242
CA4,06109,100,34.281786350000004,1.4408466057734595,26.007124,37.69606,5360.3487567,1,100,99
CA4,06113,95,28.211589210526313,0.4489599888482897,26.836811,29.48415,6672.082393,1,95,94
CA4,06115,78,30.12286496153846,1.5957794047601248,28.179958,33.888405,4038.0044235,1,78,77
CO1,08001,178,27.393413314606743,1.20354789291312,25.405018,30.971691,19019.211944,1,178,177
CO1,08005,109,28.12930009174312,1.3541417181093431,25.46719,30.842428,11148.5814133,1,109,108
CO1,08013,61,28.684855934426228,1.3278229899744152,26.036306,31.508055,1791.9803096,1,61,60
CO1,08014,2,26.178522,0.06315453505489273,26.133865,26.223179,42.037322,1,2,1
CO1,08015,1,33.157993,0.0,33.157993,33.157993,51.648308,1,1,0
CO1,08019,4,29.55814925,0.6275449530943963,29.190052,30.495586,104.4308063,1,4,3
CO1,08029,2,41.10384,0.21751311696079165,40.950035,41.257645,51.75,1,2,1
CO1,08031,3,26.335010333333333,0.7089332545679701,25.79808,27.138607,211.806147,1,3,2
CO1,08035,67,27.072409373134327,0.9173040049006765,25.521824,28.815662,2716.3969544,1,67,66
CO1,08037,67,37.4248766119403,3.633450697111243,25.038374,40.537804,4109.04865,3,67,64
CO1,08039,136,27.032171919117644,0.6929146346757338,25.903063,29.186846,14516.0468625,1,136,135
CO1,08045,34,37.59646894117647,3.440239954583578,24.51355,40.5722,1972.2259549999999,3,34,31
CO1,08047,11,29.21138390909091,0.6313058030109432,28.29846,30.090517,170.7742409,1,11,10
CO1,08049,105,34.738618695238095,1.0287983510601881,31.320507,37.871952,7330.869135,1,105,104
CO1,08051,1,40.402832,0.0,40.402832,40.402832,22.5,1,1,0
CO1,08059,47,28.058707914893617,1.1793415819921809,26.206575,31.5318,808.8230975,1,47,46
CO1,08065,9,33.24433511111111,0.2977792967339407,32.769913,33.606598,436.049399,1,9,8
CO1,08069,44,28.75404384090909,1.0977677882439634,25.984379,31.290764,1321.9850692,1,44,43
CO1,08075,44,30.55589565909091,0.4615516537635391,29.680105,31.464167,5502.247624,1,44,43
CO1,08077,24,30.401713541666666,8.2036610951863,24.375786,42.098698,1096.1222163,24,24,0
CO1,08081,368,39.338653084239134,1.5241121611363926,25.137217,41.956863,43213.205432,1,368,367
CO1,08087,233,28.388492115879828,0.5421312330081784,27.230263,29.709187,24802.7647665,1,233,232
CO1,08093,71,30.909404267605638,1.0812016807482314,26.301752,32.144764,4744.7377851,1,71,70
CO1,08095,4,31.79438175,0.19694069463060096,31.544434,32.002346,573.2994,1,4,3
CO1,08097,24,37.58603620833333,0.7349004426895537,36.081127,39.214264,1077.4319686000001,1,24,23
CO1,08103,12,38.4631155,1.3772641749870056,36.54906,40.115597,888.630363,1,12,11
CO1,08107,176,37.49141821022727,1.9302272489874925,25.566332,43.349823,13893.5835205,2,176,174
CO1,08117,12,34.161921416666665,4.104962197360308,25.469276,36.51592,477.857075,4,12,8
CO1,08121,352,29.978711298295455,0.7210627494564312,28.719442,31.771103,47810.947558,1,352,351
CO1,08123,316,26.953830661392406,0.6831468439420888,25.684828,29.146152,25434.1601081,1,316,315
CO1,08125,275,32.07935984,0.6918834049708089,30.665052,33.987762,36611.7940866,1,275,274
CO1,56007,34,41.28562814705882,0.2824085244307663,40.80468,42.037315,4415.9803329999995,1,34,33
CO1,56037,39,41.37733415384616,0.4427535595688893,40.455486,42.56126,5375.272776,1,39,38
CO2,08003,76,32.68345068421053,0.6160023893840699,31.339643,34.455883,6880.485277,1,76,75
CO2,08005,11,30.032901727272726,0.2750450587231451,29.66897,30.506142,1346.188024,1,11,10
CO2,08011,117,29.692657324786325,0.34795446611272357,28.880737,30.350218,14896.263953,1,117,116
CO2,08015,48,33.0170440625,0.816465211726573,31.47026,35.16578,3253.818114,1,48,47
CO2,08017,69,29.78206214492754,0.26000401881262225,29.35263,30.274582,7737.065047,1,69,68
CO2,08021,133,33.28816705263158,0.7384720332358483,32.033546,35.563396,10786.333996,1,133,132
CO2,08023,148,32.07718604054054,0.8047625389303422,29.79517,33.63293,16398.375055,1,148,147
CO2,08025,140,27.63001462857143,0.49723698831994323,26.632307,28.52209,17619.174729,1,140,139
CO2,08027,82,28.900177280487807,0.3934467872640812,27.472866,29.725021,8088.805314,1,82,81
CO2,08029,121,38.52580715702479,1.9453864066116386,25.6028,40.892193,7619.829797,2,121,119
CO2,08033,1,43.33897,0.0,43.33897,43.33897,126.94604,1,1,0
CO2,08035,15,27.701664466666667,0.4105542029876674,27.145931,28.585152,1095.263039,1,15,14
CO2,08039,175,28.148930742857146,0.8774480397925656,26.600082,29.943045,22327.110495,1,175,174
CO2,08041,261,25.765595639846744,0.7473121849507707,24.227959,27.692406,25980.547827,1,261,260
CO2,08043,175,28.776092548571427,1.765974939100024,24.155378,31.847538,13724.148932,1,175,174
CO2,08045,12,42.542050583333335,0.6279441309868331,41.56159,43.474636,561.602374,1,12,11
CO2,08051,159,37.99631039622641,1.8390122586231306,33.977253,42.218334,9816.3234534,2,159,157
CO2,08053,2,39.257501500000004,0.13266101032518463,39.163696,39.351307,29.2500005,1,2,1
CO2,08055,235,29.478414578723406,1.0388564312730268,27.916634,32.504707,25648.105267,1,235,234
CO2,08061,109,29.07896439449541,0.4756819536521392,28.099594,30.050905,14121.804844,1,109,108
CO2,08063,21,29.937430761904764,0.30281368564018124,29.504267,30.447367,2982.57906,1,21,20
CO2,08065,11,34.43758427272727,0.403158963120526,34.02601,35.209354,502.87952199999995,1,11,10
CO2,08071,482,30.7643454626556,1.0950230119595623,28.165207,33.493305,52958.054274,1,482,481
CO2,08073,389,28.609824303341906,0.871598226864466,26.707077,30.531761,50444.858497,1,389,388
CO2,08077,245,42.14758191020408,1.3182087325965932,38.432655,45.093803,18510.021182,1,245,244
CO2,08079,9,39.887617444444444,1.2810971477332522,38.79965,43.06731,260.5524,1,9,8
CO2,08083,4,43.56212525,0.5306492676168026,43.077766,44.314114,139.50000599999998,1,4,3
CO2,08085,198,39.370066146464644,3.187852396650255,24.84852,46.183506,16013.0159723,2,198,196
CO2,08089,204,28.942117088235292,0.858294714677846,27.48964,30.853373,19066.747259,1,204,203
CO2,08091,59,39.10335042372881,0.7687038101065733,37.673332,40.251038,4819.775669,1,59,58
CO2,08093,145,30.857253627586207,1.0200143262561994,28.703642,32.732613,14033.466612,1,145,144
CO2,08101,363,27.013521702479338,0.9212538297697759,24.208868,28.727367,39734.476162,1,363,362
CO2,08105,86,34.794236372093025,1.0964405377509256,32.78114,38.18836,6913.163816,1,86,85
CO2,08109,94,35.58888972340426,1.6918088419981294,32.44799,38.97793,7423.8503709999995,1,94,93
CO2,08113,130,41.7174710076923,1.1310904381281448,38.92185,43.510574,11180.02665,1,130,129
CO2,08119,51,28.175159156862748,0.7927304356135291,26.685051,29.853529,1978.3985235,1,51,50
CO2,08121,16,30.64835625,0.1693678464130684,30.209305,30.84505,2275.63146,1,16,15
CO2,35007,484,32.13204033264463,1.4141637729009804,29.121323,34.908215,54827.416354,1,484,483
CO2,35021,168,30.920337660714285,0.7213843132426575,29.677656,32.80222,19832.895418,1,168,167
CO2,35033,84,31.365141904761906,0.36227838304377297,30.666872,32.67633,10033.920206,1,84,83
CO2,35039,3,33.63670366666667,0.044572540765963724,33.608414,33.688084,72.00000399999999,1,3,2
CO2,35047,47,31.959172425531918,0.37660413645842883,31.377165,32.871082,4884.504301,1,47,46
CO2,35055,42,33.791937380952376,0.7275619362702178,32.83006,35.72578,3698.69961,1,42,41
CO2,35059,52,29.83753971153846,0.6532381883784305,29.18739,31.7423,7081.525894,1,52,51
ID1,16001,87,26.821195218390805,0.4527544841055516,25.789528,27.829556,6232.2509071,1,87,86
ID1,16013,59,32.10828781355932,0.43998989911205766,31.173445,33.047695,5044.5401587,1,59,58
ID1,16015,48,29.66030447916667,1.2232467115000907,27.317144,31.766914,2627.7003665,1,48,47
ID1,16025,76,30.68867389473684,0.6023404199666859,29.234097,31.874722,9350.673022,1,76,75
ID1,16027,69,28.063328391304346,0.5401027833074994,27.198132,29.09663,2992.7418323,1,69,68
ID1,16039,278,28.943504255395684,1.1304724411943832,25.327843,31.254902,25867.9921586,1,278,277
ID1,16045,18,28.236984777777778,0.5633598230055891,27.598297,29.46221,1247.8162790000001,1,18,17
ID1,16047,121,31.468482049586775,0.8799145887952686,29.568586,33.13876,12391.9263351,1,121,120
ID1,16053,59,33.45978261016949,0.5138930021113065,32.647156,34.73377,5742.940018,1,59,58
ID1,16063,115,32.579975634782606,0.5031484949760225,31.370338,33.43858,13443.252685,1,115,114
ID1,16073,966,34.23302297101449,3.642798428613941,27.590698,45.306656,111092.781111,3,966,963
ID1,16083,140,33.30259055714286,0.9450418241057,31.078062,35.239243,13554.104312,1,140,139
ID1,32007,1464,36.50976516734973,1.7569025327274554,31.445559,42.29166,131287.1025187,1,1464,1463
ID1,32013,581,39.399005537005166,1.8312346303994012,35.135414,43.125507,64540.9955082,2,581,579
ID1,32027,71,35.777418126760566,0.838931466898362,34.34518,37.329376,8095.760485,1,71,70
ID1,32033,1,38.657272,0.0,38.657272,38.657272,60.74699,1,1,0
ID1,41023,1,40.31043,0.0,40.31043,40.31043,43.118645,1,1,0
ID1,41025,302,36.88377741390728,3.3387543945438107,32.69583,43.814934,37213.503584,2,302,300
ID1,41037,47,34.84476380851064,1.2563148128140271,33.147957,39.35458,6292.41011,1,47,46
ID1,41045,424,33.574767818396225,3.253102901062891,28.900867,44.730553,48482.893119,2,424,422
ID1,49003,73,35.73853879452055,1.7952389579629635,33.89433,39.245773,4669.389054,2,73,71
ID1,49045,37,39.21704008108108,0.6687548605156041,37.898716,40.638546,2905.796711,1,37,36
ID2,16009,23,34.998688826086955,1.0392390397149724,32.807976,36.46943,1690.0510196,1,23,22
ID2,16017,143,34.97239295804196,2.183551132887375,31.302399,39.534454,8044.2683375999995,2,143,141
ID2,16021,66,38.906079030303026,1.0929269021221006,36.153816,40.724365,3632.260721,1,66,65
ID2,16035,130,40.26539973846154,0.9842839799492215,38.082493,42.24972,11639.1651706,1,130,129
ID2,16049,96,42.425435916666665,2.269302372337314,39.242294,46.840645,8802.682711,2,96,94
ID2,16055,94,31.794368776595746,1.3838879945578149,29.986233,35.85566,3727.4203295,1,94,93
ID2,16057,124,35.78387790322581,1.7878925910427514,28.427975,38.475216,12869.2034905,2,124,122
ID2,16061,77,40.19177825974025,0.9665641604351315,38.49362,42.152775,7828.557478,1,77,76
ID2,16069,102,38.98366795098039,2.3030885787985724,28.661419,41.057793,8574.862689,2,102,100
ID2,16079,8,36.094089875,0.8931202631935896,34.75015,37.282772,237.4076834,1,8,7
ID2,30053,25,41.311549240000005,1.2373912225594605,39.405437,44.15335,1083.6913076,1,25,24
ID2,30061,4,40.2444735,0.235112609941846,39.987556,40.464165,95.109164,1,4,3
ID2,30089,34,40.40434820588235,0.4890206923137474,39.56385,41.24546,1777.6042185,1,34,33
ID2,41063,7,44.094933000000005,0.581380677100927,43.555153,44.976074,662.191882,1,7,6
ID2,53003,5,39.1435848,0.8062889095942614,37.76398,39.770454,297.31780000000003,1,5,4
ID2,53023,11,37.671829,0.28093377494491356,37.275955,38.062157,840.799166,1,11,10
ID2,53051,57,34.929949421052626,1.58016885693521,32.62334,37.921074,3370.06159,1,57,56
ID2,53063,9,31.524335,0.900727320972475,30.671515,32.879368,556.85553,1,9,8
ID2,53065,6,37.45242116666667,0.41625792345824103,36.702698,37.91188,422.7482,1,6,5
ID2,53075,14,34.37525814285714,1.1097701183294226,33.176964,36.70023,1665.562247,1,14,13
ID3,16005,135,30.4307766962963,1.1870013507113872,28.248127,32.785698,11403.9786148,1,135,134
ID3,16007,106,32.19679470754717,0.767989483653484,30.386599,33.391644,8392.081452,1,106,105
ID3,16011,343,27.89103350437318,0.7628255880745561,26.449377,29.873629,38253.3954965,1,343,342
ID3,16013,150,30.785924053333336,1.201233155571043,28.418882,32.681885,14902.050421,1,150,149
ID3,16019,167,27.579877910179643,1.2779007951717993,26.073694,33.598785,15382.2004849,1,167,166
ID3,16023,277,28.33958788086643,0.6653673102784031,27.173805,30.554247,30966.098904,1,277,276
ID3,16029,215,30.18642792093023,0.9753046069685398,28.21386,33.641205,18687.340069,1,215,214
ID3,16031,338,33.16399416272189,0.9059842614750886,31.454054,35.835976,37449.0830735,1,338,337
ID3,16033,214,29.466395934579438,0.8541066149627408,27.947048,32.266006,24840.579205,1,214,213
ID3,16037,186,32.07778172043011,1.424771713288897,28.872562,34.234207,16311.469991,1,186,185
ID3,16041,84,33.06013282142857,0.8314235904613406,31.362274,34.41983,6666.119803,1,84,83
ID3,16043,173,30.559255410404628,1.1610166790809817,28.286167,34.732307,16490.1924446,1,173,172
ID3,16051,181,27.860932430939226,0.7194473002636584,26.471668,30.297947,20152.3290264,1,181,180
ID3,16053,48,33.75364177083333,0.45295177692277266,32.918266,34.704113,5528.001523,1,48,47
ID3,16059,175,33.777330268571426,3.2965253959564116,29.016489,40.715508,17676.9315147,2,175,173
ID3,16063,79,32.50591506329114,0.760981856456738,31.008253,33.986496,9293.331015,1,79,78
ID3,16065,70,29.244063014285715,0.865307002810512,27.961287,31.80975,6084.8672072,1,70,69
ID3,16067,115,32.10968129565217,0.8246012423558252,30.026276,33.72586,11875.1615729,1,115,114
ID3,16071,157,32.23020917197452,0.799445613814502,30.426664,34.001457,15132.1952805,1,157,156
ID3,16073,104,34.59323008653846,0.5475733553207017,33.62469,36.124695,13321.855247,1,104,103
ID3,16077,220,30.029495968181816,1.0212496963425155,26.182985,31.557812,24181.024121,1,220,219
ID3,16081,52,31.893673826923077,0.5005873574306087,30.852943,32.73512,4308.2352356,1,52,51
ID3,16083,169,33.141401721893494,0.7085512454753092,31.986399,35.837894,20592.22262,1,169,168
ID3,30001,431,33.805639900232016,1.5361810657131603,30.87215,37.52635,42093.861468,1,431,430
ID3,30007,15,37.56236113333333,0.15459132422287472,37.254253,37.759483,1406.240276,1,15,14
ID3,30023,13,36.60583830769231,0.5147782891971303,35.890488,37.41294,1190.638169,1,13,12
ID3,30031,88,38.68936598863636,1.3408558322834936,35.30241,42.15231,7389.814478,1,88,87
ID3,30043,34,38.25466829411764,0.4899420345714705,37.60263,39.334927,3678.47873,1,34,33
ID3,30057,240,37.619901975,2.0642917743744515,33.02591,41.845425,24473.300012,2,240,238
ID3,30081,1,43.295757,0.0,43.295757,43.295757,36.0,1,1,0
ID3,30093,21,34.41662723809524,0.8351503341188282,33.20157,36.24926,1265.155526,1,21,20
ID3,32007,22,34.873734863636365,1.2230778263587732,32.774334,37.03546,1696.484928,1,22,21
ID3,49003,372,34.839950981182795,1.4032177717326488,32.598724,37.757534,37193.463172,1,372,371
ID3,49005,21,34.31839852380953,0.36728496326757215,33.51611,34.73384,1201.0689565,1,21,20
ID3,49033,7,33.70363714285714,0.29300187667910027,33.314545,34.075768,341.723855,1,7,6
ID3,56023,48,33.105202,0.4361704506643286,32.31577,34.17266,2620.1534848,1,48,47
ID3,56039,5,34.2577068,2.5769866240485615,32.350994,37.1541,231.985851,2,5,3
MT1,16049,5,31.9277226,0.15521871569594922,31.783218,32.17777,107.999998,1,5,4
MT1,30023,42,34.61333247619048,0.5131197062282046,33.139034,35.328236,2853.005239,1,42,41
MT1,30029,208,39.309851740384616,3.5515766556098294,30.09168,46.872013,11680.4801707,3,208,205
MT1,30039,100,32.86096552,0.9514276606795055,30.646307,34.651264,8225.967572,1,100,99
MT1,30043,43,37.98653290697674,1.0235466517451723,36.053276,40.185165,3683.7606555,1,43,42
MT1,30047,165,35.23062992727273,2.0659820008650533,30.556196,41.517063,11102.4936311,2,165,163
MT1,30049,10,34.5487344,1.0545528177848886,33.88037,37.469456,455.000706,1,10,9
MT1,30053,95,45.5506788,4.307740416198367,38.90063,52.974857,5586.897196,5,95,90
MT1,30057,25,38.91545956,1.0977864734205334,37.07238,40.435516,2111.62783,1,25,24
MT1,30061,19,34.60447152631579,2.424070798945268,31.71947,38.394207,670.207866,2,19,17
MT1,30063,126,31.365216261904763,1.7516494763386135,28.517807,38.07242,6697.4498127,1,126,125
MT1,30077,196,33.41069773469388,0.7321737030143392,31.818993,35.547874,17500.102832,1,196,195
MT1,30081,89,31.836661280898873,1.0571807448831032,29.994566,34.885647,4073.9097095,1,89,88
MT1,30089,111,35.68047757657658,1.973615554047276,32.36327,41.395622,8791.292522,2,111,109
MT1,30093,55,34.9978176,2.788481533499157,27.200228,38.32395,3996.3370557,2,55,53
MT2,30001,124,37.907742032258064,1.7371402116944044,34.59106,44.157806,13076.940739,1,124,123
MT2,30005,252,34.9257388531746,1.0215555958492843,32.25711,36.38331,30640.860422,1,252,251
MT2,30007,137,36.695708138686136,0.7076541245963825,34.462658,37.818615,13341.898063,1,137,136
MT2,30013,391,30.155703818414324,0.7274049606188535,28.753424,32.053898,42440.553314,1,391,390
MT2,30015,656,31.38953720121951,1.0606509643555373,29.220215,33.76585,82403.219462,1,656,655
MT2,30023,1,40.19849,0.0,40.19849,40.19849,155.29549,1,1,0
MT2,30027,406,33.699039807881775,0.8675216215891961,31.721968,35.749413,47679.584787,1,406,405
MT2,30031,26,37.16933626923077,0.5200610099669878,36.088295,38.185116,2641.767935,1,26,25
MT2,30035,414,36.03688373671498,1.2546196422348501,33.84422,41.861977,51347.7780409,1,414,413
MT2,30041,487,34.21809083367556,0.9475961105130221,31.898746,36.14604,62072.9313317,1,487,486
MT2,30043,62,37.31902124193548,0.6110801301504417,35.8413,38.810204,5002.748965,1,62,61
MT2,30045,247,31.77400017813765,1.1937487145362282,29.340761,33.799084,29025.8729533,1,247,246
MT2,30049,245,32.82510398367347,1.7517233688493206,30.748745,37.467102,23347.4419455,1,245,244
MT2,30051,241,33.11524875518672,1.0504911620260995,31.197674,35.913475,31742.116193,1,241,240
MT2,30057,75,40.47868914666667,1.9645079323864005,37.344692,43.88453,6842.208109,2,75,73
MT2,30059,211,33.62802806635071,1.170260647876592,31.238924,35.898117,22689.370957,1,211,210
MT2,30067,2,35.918572999999995,0.013829594426441447,35.908794,35.928352,269.30809999999997,1,2,1
MT2,30073,249,32.92411833333333,0.9214741971806335,30.791454,35.219273,31210.539418,1,249,248
MT2,30099,322,31.44737588198758,0.8173270836235202,29.614523,33.639297,37329.491627,1,322,321
MT2,30101,338,33.9762746331361,1.0153775239456353,31.733187,36.274616,41247.972575,1,338,337
MT3,30003,436,30.81407149082569,0.7464688824496734,29.282099,32.551586,52777.0885003,1,436,435
MT3,30009,258,30.70573656589147,0.6993953161409707,29.258808,32.551685,28389.866115,1,258,257
MT3,30027,280,33.945291728571426,1.1745249045662414,31.464752,36.265,35886.935067,1,280,279
MT3,30031,109,37.7514299266055,1.3576152771412133,35.47557,39.858376,8514.3091214,1,109,108
MT3,30033,45,33.9502004,0.808740109637448,32.812767,35.8365,5727.643681,1,45,44
MT3,30037,189,30.358344275132275,0.4951100123105333,28.953903,31.55477,23457.761806,1,189,188
MT3,30043,11,36.792165545454544,0.2594773899295924,36.44648,37.229225,825.937743,1,11,10
MT3,30045,4,33.138656749999996,0.32779437501516967,32.87188,33.607117,402.93743400000005,1,4,3
MT3,30059,75,34.21614298666667,0.8355147067746908,32.81533,36.41358,8117.820649,1,75,74
MT3,30065,304,31.25223080592105,1.0244759930841152,28.65717,33.11567,40646.1684,1,304,303
MT3,30067,211,35.252340180094784,1.2662212001797033,32.216377,37.970036,21056.452278,1,211,210
MT3,30069,262,33.996818396946566,1.1136377114414269,31.999016,37.331417,35112.101331,1,262,261
MT3,30071,2,36.654714999999996,0.0924117852332683,36.58937,36.72006,51.75,1,2,1
MT3,30087,56,32.123583214285716,0.5152095262694514,31.15662,33.346535,7806.61014,1,56,55
MT3,30095,254,30.06430798031496,1.0151834566606486,28.396175,32.37487,30362.1494649,1,254,253
MT3,30097,239,31.497169682008366,0.8110286163498581,29.762104,33.656017,28182.4315335,1,239,238
MT3,30103,85,32.04946414117647,0.2809910640118773,31.342712,32.707447,10741.302004,1,85,84
MT3,30107,224,32.03969792857143,0.6527098035037816,30.769138,33.250286,28637.627781,1,224,223
MT3,30111,446,29.44495936547085,1.029126027599169,27.719963,32.101913,52604.3986178,1,446,445
MT3,56003,382,34.29293933769633,1.458561434064514,31.168005,37.825623,41181.9121423,1,382,381
MT3,56013,96,34.73187158333334,0.8143230002384713,33.26139,36.53119,10480.982391,1,96,95
MT3,56017,45,35.827602488888886,0.6992684349552449,34.83046,37.036865,4767.662083,1,45,44
MT3,56025,33,34.22117021212121,0.4345108467908728,33.506042,35.06634,4052.982571,1,33,32
MT3,56029,402,33.04348115422886,1.2047666396050296,30.826963,35.77753,43507.643191,1,402,401
MT3,56043,71,35.15223657746479,0.3804968388430616,34.465645,36.444206,8618.443523,1,71,70
MT4,30005,420,34.760182883333336,0.7043231701829981,33.185936,36.392735,53031.828278,1,420,419
MT4,30019,249,31.608534437751004,0.8490070605817396,29.63673,33.376987,32136.051527,1,249,248
MT4,30021,62,32.3888,0.41078174191615774,31.435097,33.340908,8672.84042,1,62,61
MT4,30033,72,33.036055930555555,0.8386395072524998,29.7587,34.447376,7727.792108,1,72,71
MT4,30055,322,30.551832729813665,0.8510792726446165,28.048256,32.19209,42186.125964,1,322,321
MT4,30071,685,32.326851163503655,1.2009226876232184,30.095417,36.305813,80643.768857,1,685,684
MT4,30083,230,32.942832717391305,0.9363777090512602,31.28367,35.239666,31124.473034,1,230,229
MT4,30085,343,31.47718986297376,1.2889729521059936,29.126738,34.56334,41846.692864,1,343,342
MT4,30091,297,34.338777848484845,0.9485193519332491,32.16764,36.52483,34422.803251,1,297,296
MT4,30105,802,29.167112407730674,0.9535814748275727,27.344582,31.348652,99970.803138,1,802,801
NM1,08007,107,36.25668989719626,1.536162960980848,33.573673,39.127686,6218.024915,1,107,106
NM1,08021,1,34.107944,0.0,34.107944,34.107944,18.0,1,1,0
NM1,08033,89,41.44683620224719,0.7682533957218816,40.215195,45.06328,8270.406499,1,89,88
NM1,08053,2,38.125727,0.010559932670240059,38.11826,38.133194,96.75,1,2,1
NM1,08067,34,32.19005538235294,1.246964881332268,30.877926,34.973827,2105.614466,1,34,33
NM1,08077,2,44.8001575,0.3654674327494838,44.541733,45.058582,181.31233400000002,1,2,1
NM1,08079,5,38.197441600000005,0.30923570300791464,37.867386,38.637966,148.499999,1,5,4
NM1,08083,6,40.967132,4.213377558482173,32.450794,43.41929,418.05541000000005,4,6,2
NM1,08085,82,44.627506707317075,1.0110255456548467,42.516205,46.220898,7058.556985,1,82,81
NM1,08109,139,34.26356869064748,0.8306812604745354,33.074753,36.82857,10134.816758,1,139,138
NM1,08113,53,42.77335752830189,1.8335471141447985,40.18036,46.167324,4809.535286,2,53,51
NM1,35001,136,24.340655029411764,0.5762589233483966,23.251474,25.810358,13612.982261,1,136,135
NM1,35003,252,30.125876615079363,0.7581448849722684,27.754585,33.027775,28715.449558,1,252,251
NM1,35006,319,26.48858656112853,0.883020102398545,24.738165,29.40517,34860.819099,1,319,318
NM1,35007,41,32.868838804878045,0.594598421410546,31.582733,34.947258,3766.219349,1,41,40
NM1,35013,21,23.226814476190476,0.2576497800652301,22.81709,23.817482,753.3108173,1,21,20
NM1,35017,2,27.5114665,4.523922814927825,24.31257,30.710363,26.4053125,2,2,0
NM1,35019,135,28.08652702962963,0.5082090862954945,27.14641,29.249996,18822.41447,1,135,134
NM1,35027,20,28.146497399999998,0.2712489232753606,27.824879,29.05064,2481.402531,1,20,19
NM1,35028,9,25.866212333333333,0.24444868541730866,25.51487,26.32198,283.26699,1,9,8
NM1,35029,3,22.837953,0.324470703067319,22.62078,23.210941,78.8222725,1,3,2
NM1,35031,87,27.36335012643678,0.9629915667944517,23.08056,29.138538,10117.41485,1,87,86
NM1,35033,212,31.422910858490567,0.6190805895951162,30.187323,32.982986,24554.616196,1,212,211
NM1,35039,509,30.989807557956777,1.6978068492694036,26.546776,34.170864,47770.8836678,1,509,508
NM1,35043,472,25.534173519067796,1.7536382518805658,23.038004,29.476015,51210.2502742,1,472,471
NM1,35045,5,30.6933156,1.2159978428888347,28.520514,31.299763,246.395511,1,5,4
NM1,35047,500,29.211822912,1.642032613818718,25.671808,32.701073,56361.1036051,1,500,499
NM1,35049,258,25.39044296511628,1.0428412958498356,23.532597,28.80028,22846.1034814,1,258,257
NM1,35051,7,30.783284000000002,0.32713780906777823,30.398243,31.15149,291.822482,1,7,6
NM1,35053,465,28.229658615053765,1.4841252573537063,25.347128,31.52273,49749.4705103,1,465,464
NM1,35055,112,30.157479803571427,1.617852437995722,23.381771,32.51009,6776.5199572,1,112,111
NM1,35057,490,26.610378595918366,0.7384784948154189,24.52135,28.132347,60497.7823187,1,490,489
NM1,35061,174,25.181923718390806,0.45451958218841787,23.859451,26.141888,18498.4763387,1,174,173
NM1,49019,25,44.16500528,0.7543202581177257,42.735806,45.281586,1556.7592815,1,25,24
NM1,49037,240,41.35902785,2.0114194224647473,32.203857,45.589085,18790.714174,2,240,238
NV1,06003,14,30.5299765,0.4839509860345453,29.972454,31.523224,584.963782,1,14,13
NV1,06017,3,30.74682,1.5741835891979055,29.18342,32.33157,65.25,1,3,2
NV1,06035,331,32.34589507250755,2.0617699011887676,26.595345,37.272465,23907.318778,2,331,329
NV1,06049,211,33.22697407109005,1.1520311738710212,31.665352,37.081303,16839.853245,1,211,210
NV1,06051,32,32.671649625,1.1748693963560302,30.48952,34.408348,966.7129454,1,32,31
NV1,06057,32,30.53304721875,1.995720497237053,27.445103,33.774155,1180.6159687,2,32,30
NV1,06061,18,30.10407388888889,1.7301293185883662,27.999737,32.588745,677.7954235,1,18,17
NV1,06063,109,31.828799211009173,2.949171630311345,27.438862,36.688354,5695.2111836,2,109,107
NV1,06091,42,29.270289214285715,1.6431944971642451,26.852789,33.252663,1858.172727,1,42,41
NV1,16073,15,38.0896484,0.210850006075003,37.816296,38.451668,1383.978776,1,15,14
NV1,32001,584,29.347770684931508,1.9100662544264388,26.403828,34.028214,56256.4683785,2,584,582
NV1,32003,3,22.671353333333332,0.03800384999356234,22.628979,22.70242,195.95631,1,3,2
NV1,32005,79,27.82530443037975,1.2095373572159596,23.159657,29.245203,5556.7695063,1,79,78
NV1,32007,531,35.286210632768366,1.6153933251602557,31.608519,40.29981,53319.6796067,1,531,530
NV1,32009,22,32.14824986363636,0.3008693141843197,31.71528,32.63658,2771.047923,1,22,21
NV1,32011,557,34.50515906822262,0.8256192279686784,32.65898,36.76379,55815.470129,1,557,556
NV1,32013,515,33.62871655728155,1.9187218535685095,31.42711,40.523407,56842.585631,2,515,513
NV1,32015,646,32.9851220371517,1.1179206466990381,30.590181,35.775043,63751.896562,1,646,645
NV1,32019,258,26.938520713178296,1.1083846847818448,24.482906,29.258253,21147.3903908,1,258,257
NV1,32021,355,30.216529340845067,1.4422820360524473,27.336582,34.580082,37481.941439,1,355,354
NV1,32023,726,36.41863992837465,3.124571821864779,23.362118,41.945328,73454.564316,2,726,724
NV1,32027,789,30.98281413181242,1.655846376044966,27.083057,35.229412,86669.915349,1,789,788
NV1,32029,40,24.2341604,0.38606965451505615,23.647406,25.529638,2916.803766,1,40,39
NV1,32031,612,29.956003895424836,3.3649043326267605,23.761213,37.27113,55438.4467266,3,612,609
NV1,32033,402,36.567955288557215,1.2468871554170375,34.00192,39.4732,43776.220588,1,402,401
NV1,32510,14,26.985739142857142,1.0360983892926874,25.483204,28.52789,955.2177776,1,14,13
NV1,41025,375,38.89391840266667,1.7098788214178595,34.840157,42.423782,41861.465873,1,375,374
NV1,41037,114,34.794379166666666,1.2329532306033961,32.86077,37.959618,11243.256393,1,114,113
NV1,41045,200,40.24156225,1.185332269015349,37.665947,42.25621,23974.913982,1,200,199
NV2,04005,112,32.388636500000004,0.7408749940891336,31.203112,34.042767,11852.824943,1,112,111
NV2,04015,461,33.67621958785249,3.2905900567587567,26.018023,39.776836,45914.1842811,2,461,459
NV2,06027,168,33.941374107142856,1.7550667551492154,28.040928,36.831738,10137.938453,1,168,167
NV2,06029,359,34.7864157632312,2.273225861596904,30.85733,38.65021,23654.5307067,2,359,357
NV2,06037,59,35.5812372881356,1.2453583865935942,33.19354,38.41648,4923.997284,1,59,58
NV2,06051,37,35.67538256756757,1.3296380111176986,33.771923,38.516827,1688.1066025,1,37,36
NV2,06071,59,30.32945547457627,1.5954434142759033,28.251501,34.217113,2327.225104,1,59,58
NV2,06107,6,36.821327333333336,3.4122300070384264,32.380524,39.314606,222.750001,3,6,3
NV2,06111,8,38.07269725,1.0331047716011512,36.713078,39.833576,286.322584,1,8,7
NV2,32003,469,26.055334364605542,1.9375754613551246,22.964666,33.414143,37995.3538956,2,469,467
NV2,32007,115,40.376954930434785,1.0779967804050705,38.215405,43.308426,13613.718329,1,115,114
NV2,32009,497,33.49668036217304,1.0198590345967935,31.353275,36.669525,57718.880628,1,497,496
NV2,32017,1067,32.94894225492034,2.40945900674154,27.909573,39.35731,115192.840058,2,1067,1065
NV2,32021,64,34.83339834375,1.2088679372853668,32.63976,37.66233,7126.377784,1,64,63
NV2,32023,1115,31.66289642511211,3.119858769523988,26.146338,40.029358,115689.954867,2,1115,1113
NV2,32033,586,36.19657599829351,2.49279271196688,32.24215,41.66149,59609.565041,2,586,584
NV2,49001,243,34.40202255967078,0.8026737355150007,33.163387,36.739826,26491.233203,1,243,242
NV2,49017,60,34.77176245,0.5487979448403869,33.880054,36.34667,3562.607095,1,60,59
NV2,49021,193,33.50427898963731,0.6916470487928964,32.23323,35.838005,15241.997179,1,193,192
NV2,49023,104,41.808662221153845,1.204931126659226,38.627262,43.989872,12187.423437,1,104,103
NV2,49025,123,34.27956963414634,1.056287445559558,32.001305,36.76627,7957.622996,1,123,122
NV2,49027,241,35.939834286307054,1.7647070540842704,33.879307,44.342903,29987.677236,1,241,240
NV2,49031,32,36.10155171875,0.6506766898595111,35.110764,37.41389,1966.588238,1,32,31
NV2,49041,1,37.566875,0.0,37.566875,37.566875,126.447586,1,1,0
NV2,49045,70,41.848152514285715,0.7711776159661331,40.299908,43.479042,6266.971363,1,70,69
NV2,49053,126,34.05293656349206,1.4874587492580835,30.273895,36.83032,5884.0236841,1,126,125
OR1,06015,20,56.01153985,0.7115558013657768,55.194508,58.315144,339.0796088,1,20,19
OR1,06023,5,60.043548599999994,0.9140084632610368,58.889896,60.967754,176.02838,1,5,4
OR1,41003,80,36.490045625,2.9994094919050944,28.973974,40.11877,4482.0490109,2,80,78
OR1,41005,140,33.595047328571425,1.7102127112062608,30.45973,38.851486,5838.9367155,1,140,139
OR1,41007,112,41.00298966964285,2.5492825894916313,31.453556,43.76106,9154.915588,2,112,110
OR1,41009,98,37.04122596938775,1.4038231015287737,33.853165,39.437145,7505.7557588,1,98,97
OR1,41015,17,49.898287058823534,2.6173023575539682,45.328957,54.091953,534.1910949,2,17,15
OR1,41017,11,26.085207454545454,0.1363056932907524,25.81837,26.26066,564.4735165,1,11,10
OR1,41019,31,42.70322477419355,1.5886974442756303,41.31687,48.173965,1275.536317,1,31,30
OR1,41027,32,34.89562234375,0.8010903507985946,33.705544,36.290527,1376.7958776,1,32,31
OR1,41031,62,37.658641419354836,0.6308697063938721,36.742264,38.887177,5313.328087,1,62,61
OR1,41039,228,38.10277553947368,4.110055094419453,28.952852,45.840523,13458.3645432,4,228,224
OR1,41041,64,39.883228875,2.6706042246549764,30.85495,45.065407,2740.7814068,2,64,62
OR1,41043,204,36.195446264705886,1.8697831987479876,29.515299,38.77695,12261.7696047,2,204,202
OR1,41047,149,33.02897034228188,1.8535788254874672,29.876524,39.218002,7686.241057,2,149,147
OR1,41051,27,34.33811385185185,1.6692634986505446,31.823017,37.40883,1097.9321751,1,27,26
OR1,41053,105,34.3692016952381,2.0836355351203224,30.020626,38.51534,5301.3961776,2,105,103
OR1,41057,61,39.76490934426229,1.9543627727142576,35.76149,44.001244,2908.952525,2,61,59
OR1,41059,6,28.025708499999997,0.3582917679572057,27.817677,28.741512,253.878694,1,6,5
OR1,41061,2,27.798381499999998,0.06365587376275686,27.75337,27.843393,86.16827599999999,1,2,1
OR1,41065,62,36.01785027419355,2.1958563362174344,27.40536,39.052685,5983.894157,2,62,60
OR1,41067,92,35.04882472826087,1.9689271932389538,30.560522,38.468803,5510.4995004,2,92,90
OR1,41071,114,34.245576885964915,1.1095046518433251,30.958912,37.482483,5993.5145154,1,114,113
OR1,53011,88,36.72073302272727,1.3853952084686052,33.49561,39.65884,2915.5793431,1,88,87
OR1,53015,58,38.39602948275862,1.7089921195900493,35.116856,40.700058,3481.1802818,1,58,57
OR1,53049,21,45.69329119047619,1.0570739651717185,42.41043,46.96828,1135.4266185000001,1,21,20
OR1,53059,29,39.64888931034483,0.5192918419718446,38.69219,40.744987,1015.000236,1,29,28
OR1,53069,37,42.407466702702706,1.384224462360839,40.64856,44.81957,2766.505807,1,37,36
OR2,06035,1,38.320587,0.0,38.320587,38.320587,127.371544,1,1,0
OR2,06049,37,37.78474335135135,1.0323332259808407,36.035088,38.982548,2452.62044,1,37,36
OR2,06093,6,28.441849833333332,0.5509552596744736,28.01684,29.194462,233.136125,1,6,5
OR2,32013,2,38.8594325,0.011420481622946932,38.851357,38.867508,92.25,1,2,1
OR2,32031,23,38.06560939130435,0.29683011793260705,37.22052,38.574505,2103.926724,1,23,22
OR2,41011,94,41.366526627659574,4.12052653402674,29.586405,46.09356,4619.7315978,4,94,90
OR2,41013,115,37.559657460869566,1.1367449724792493,35.77725,40.247437,13442.245053,1,115,114
OR2,41015,9,46.84916066666667,2.027374099560809,42.47085,48.228394,357.823578,2,9,7
OR2,41017,140,35.64957081428571,0.6578684713360081,34.46506,37.3422,15980.2055833,1,140,139
OR2,41019,215,37.50913973953488,3.7722762217587595,28.522242,44.48954,9329.6145386,3,215,212
OR2,41023,13,40.914937153846154,0.5793604042417302,39.801643,41.81881,950.004657,1,13,12
OR2,41025,42,36.0861735,1.403913903935576,34.7735,39.458385,5362.4032879999995,1,42,41
OR2,41029,227,29.31104824229075,1.1666609570952768,27.207714,32.798878,14170.881439,1,227,226
OR2,41033,90,32.294635444444445,2.251309980674783,27.893612,35.767494,2129.1984664,2,90,88
OR2,41035,226,34.615405792035396,4.226718793765772,24.886866,41.799557,20177.90617,5,226,221
OR2,41037,823,36.23201106925881,2.058627902505091,32.71626,42.443684,86839.578403,2,823,821
OR2,41039,16,41.3605845625,0.7634076447854926,40.047844,42.57859,1156.350005,1,16,15
OR3,16003,82,31.63412968292683,1.4428653812251102,29.6928,34.631092,7616.38318,1,82,81
OR3,16015,1,31.62105,0.0,31.62105,31.62105,20.25,1,1,0
OR3,16027,21,28.52768819047619,0.34115316218314684,27.811253,29.034746,824.9255886000001,1,21,20
OR3,16045,53,28.484128698113206,0.7812820270045451,27.420824,30.322388,3921.6019099,1,53,52
OR3,16049,25,39.91007096,1.951198395189233,34.97681,41.309753,1142.454551,2,25,23
OR3,16073,6,28.662001333333336,0.15589554065420333,28.502628,28.911903,289.03553,1,6,5
OR3,16075,69,27.57638823188406,0.3948926876803938,26.822718,28.44684,5057.7331028,1,69,68
OR3,16085,85,33.20273624705882,1.0232379228911221,30.296965,34.664734,5274.0664092,1,85,84
OR3,16087,188,28.59467639361702,0.9830302952987655,27.00761,34.012993,18740.7675373,1,188,187
OR3,41001,320,31.533123515625,1.5066227155427758,27.62809,34.329777,27691.511247,1,320,319
OR3,41023,135,35.71970678518518,1.5148147071722229,30.62529,37.636993,10639.512125,1,135,134
OR3,41025,560,33.808295678571426,1.2705679908976721,30.727543,36.43636,60179.795933,1,560,559
OR3,41045,779,29.7959003902439,2.2416540336666513,26.806355,35.714596,83072.52806899999,2,779,777
OR3,41059,21,38.99442847619048,0.48081961158615705,37.85389,40.065544,1496.1901149999999,1,21,20
OR3,41061,183,36.21768586338798,1.5086454661145383,32.757072,39.934116,16070.437329,1,183,182
OR3,41063,32,38.880409031250004,0.26504606663607816,38.416702,39.810753,2994.421649,1,32,31
SD1,30011,74,31.154049391891895,0.5492515758867748,30.03165,32.687466,10110.56532,1,74,73
SD1,46007,172,32.31838525581395,0.8859411355292369,30.70253,33.86641,23511.092307,1,172,171
SD1,46019,380,29.16041677105263,0.719125346637205,25.791925,31.038269,47736.380447999996,1,380,379
SD1,46033,165,28.345841030303028,1.3554150657407555,26.66306,31.382587,14410.3399873,1,165,164
SD1,46041,79,33.84687627848101,0.603832081197267,32.693188,35.312946,10292.870365,1,79,78
SD1,46047,260,29.929029223076924,0.7961103570443606,28.421072,31.875505,23625.9050237,1,260,259
SD1,46055,300,31.14025106333333,0.9479349023990267,29.11183,32.7925,40458.746492,1,300,299
SD1,46063,348,31.887919002873563,0.9998206837176493,30.037977,34.114326,46639.844879,1,348,347
SD1,46065,5,35.593682,0.21099259842112927,35.427742,35.94286,574.616798,1,5,4
SD1,46071,307,31.96247993811075,0.8463830654710656,29.485247,33.669487,37141.544991,1,307,306
SD1,46075,171,34.14615721052632,0.7183811744139833,32.679337,35.547153,20539.048826,1,171,170
SD1,46081,58,30.13100496551724,0.6609301089836631,28.51512,31.3747,4255.128352,1,58,57
SD1,46085,13,35.41736284615385,0.12097576443159291,35.184017,35.54895,1157.350355,1,13,12
SD1,46093,558,28.280009120071686,1.2359026792367707,25.61403,31.01866,75272.984367,1,558,557
SD1,46095,173,34.15314423699422,0.7775751952307046,32.59653,35.62416,23953.949728,1,173,172
SD1,46102,328,30.202088658536585,0.8095790218182682,28.29446,31.64894,41784.337698,1,328,327
SD1,46103,322,28.18553242546584,1.4581589816480052,25.822838,32.173916,31099.3167772,1,322,321
SD1,46105,320,31.957766915625,1.0397865402639443,29.517515,34.072964,43938.862259,1,320,319
SD1,46107,79,33.87889727848101,0.2639788569816845,33.370537,34.49909,9781.704533,1,79,78
SD1,46117,206,33.87053532524272,0.8700916410058329,32.115696,35.53197,26365.091457,1,206,205
SD1,46119,10,33.8026394,0.07865964160892715,33.692413,33.933468,1388.31756,1,10,9
SD1,46121,148,34.90161295945946,0.7596972217873403,33.55921,36.21063,20036.799955,1,148,147
SD1,46137,278,32.00706932014389,0.9095344528057788,29.918673,33.644455,37731.111769,1,278,277
SD1,56009,2,32.5371685,0.05302805884152722,32.499672,32.574665,147.233165,1,2,1
SD1,56011,50,30.942745260000002,0.2695274341564729,30.521973,31.583921,6478.725016,1,50,49
SD1,56027,8,31.638501,0.14760952017303638,31.420732,31.840385,1089.484605,1,8,7
UT1,04015,5,24.193292800000002,0.2463877916673224,23.977098,24.570883,126.55530399999999,1,5,4
UT1,08077,7,44.681774142857144,0.7099027718588012,44.1612,45.924908,344.54514,1,7,6
UT1,08103,9,40.21456655555556,0.21937001232968964,39.79157,40.499443,777.047457,1,9,8
UT1,32017,84,37.013043119047616,1.1230248581831028,35.29025,38.84779,8652.106595,1,84,83
UT1,32033,2,39.383444,0.08114615999540968,39.326065,39.440823,287.11017000000004,1,2,1
UT1,49001,126,37.38874238095238,1.2239999308912766,34.209698,39.305447,13655.599012,1,126,125
UT1,49003,182,32.69427675274725,2.2076744123789442,26.176676,36.866005,13470.0998367,2,182,180
UT1,49005,81,31.4524337037037,3.0888705680454964,26.042109,35.171642,4634.1927856,2,81,79
UT1,49007,110,35.774757572727275,1.5865421086524483,24.788284,38.582817,7360.18742,1,110,109
UT1,49011,1,27.126692,0.0,27.126692,27.126692,13.5,1,1,0
UT1,49013,8,34.80720925,4.035324009521159,25.116354,37.2559,454.477261,4,8,4
UT1,49015,211,36.786793962085305,2.129789424894108,33.083637,42.81348,13093.671732,2,211,209
UT1,49017,127,44.438903574803156,2.6709064664806057,38.930717,49.197147,8125.362535,2,127,125
UT1,49019,45,42.85951168888889,0.9825003097320536,40.802586,44.70339,1440.039474,1,45,44
UT1,49021,250,34.696366596,1.874644241844245,24.255089,35.95884,28034.0835946,2,250,248
UT1,49023,358,30.744631159217878,1.198602329281889,27.393309,34.18189,33028.438394,1,358,357
UT1,49027,677,34.3342156041359,2.914548588918499,30.62225,41.450966,75488.819641,2,677,675
UT1,49029,30,28.856423533333334,1.1288571942617907,27.360651,30.959932,2123.391676,1,30,29
UT1,49031,38,35.85437410526316,4.204334618530171,30.817268,41.00563,2564.328054,4,38,34
UT1,49033,53,31.100482245283022,0.7086392798462938,29.96603,34.37483,5224.996791,1,53,52
UT1,49035,23,28.098086782608696,1.00689370467163,26.05379,29.984964,830.246944,1,23,22
UT1,49037,4,43.30456175,0.26170786915741945,43.10075,43.66726,150.296385,1,4,3
UT1,49039,158,32.44693736708861,0.9581034048480181,27.53161,34.300694,10933.6418575,1,158,157
UT1,49041,151,35.62104406622517,2.3132594751883016,30.788986,41.16161,9650.970592,2,151,149
UT1,49043,7,30.203277285714286,0.8486532763839651,29.168936,31.12734,507.59635299999997,1,7,6
UT1,49045,382,30.065949672774867,1.3003097611194012,27.363312,33.587822,31880.7383659,1,382,381
UT1,49047,2,40.136722500000005,0.3913065287476006,39.860027,40.413418,179.61462,1,2,1
UT1,49049,144,28.762756888888887,2.091433384414874,26.125286,34.161636,10021.1596395,2,144,142
UT1,49051,4,33.1892705,0.18472307017352382,32.97903,33.42688,162.433879,1,4,3
UT1,49053,28,27.966513607142854,4.955426161300859,23.715315,35.13084,1242.0278931,7,28,21
UT1,49055,114,37.676475921052635,5.216205607597815,30.923578,48.0313,7404.401079,8,114,106
UT1,49057,30,27.992885433333335,2.075048189198882,26.5232,35.401478,1199.6369138,2,30,28
UT1,56023,3,32.03106433333333,0.1416793737293225,31.902805,32.183144,301.916565,1,3,2
UT1,56041,23,31.670585217391302,0.1580045103772068,31.307934,31.897146,2222.765671,1,23,22
UT2,08045,9,41.16826422222222,0.733749297441533,39.852493,42.339386,523.86228,1,9,8
UT2,08077,8,42.289020125,0.29973106301027047,41.946026,42.680817,944.317322,1,8,7
UT2,08103,4,42.8764015,0.24706815337001123,42.640163,43.173813,132.800846,1,4,3
UT2,49015,2,42.96328,0.30633279974563765,42.74667,43.17989,36.0,1,2,1
UT2,49019,76,41.35453789473684,0.7589575401073669,39.920628,43.073246,5254.17716,1,76,75
UT2,49027,48,36.402564479166664,0.4551190565868584,35.627384,37.10659,4757.117606,1,48,47
UT2,49029,8,29.934933125,1.200620713168038,28.641808,31.28285,772.856648,1,8,7
UT2,49033,43,32.277236186046515,0.5294677510461945,31.263681,33.232574,2848.260981,1,43,42
UT2,49035,2,28.8869115,0.13934175519384198,28.788382,28.985441,87.75,1,2,1
UT2,49043,115,28.969841547826086,1.3219344749030806,26.385237,31.44944,8434.762259,1,115,114
UT2,49047,47,37.588225489361704,6.247358220961453,24.492857,41.27883,2649.3427245,16,47,31
UT2,49051,34,26.610879588235292,0.49418006448478746,25.662724,27.352278,1741.5663433,1,34,33
UT2,49057,3,31.078186,0.2972887277176847,30.7969,31.389238,202.228557,1,3,2
UT2,56041,73,31.164579424657536,0.488420590125113,30.189186,32.167286,7726.153898,1,73,72
WA1,53009,114,52.76660207017544,1.9966144037838673,46.42066,55.759003,8966.8019145,2,114,112
WA1,53015,49,39.213356795918365,0.4196601807829151,38.591732,40.61961,3659.0921281,1,49,48
WA1,53027,260,43.13406887307692,1.866505803706106,34.216473,46.968723,22374.6371145,2,260,258
WA1,53029,34,37.83807879411764,3.141127923740779,33.57864,43.709198,468.9421698,2,34,32
WA1,53031,112,48.001283767857146,2.0533295121687223,42.187843,51.29705,8077.446456,2,112,110
WA1,53033,84,34.41361019047619,1.08801869129635,32.62475,38.714634,2070.8777973,1,84,83
WA1,53035,42,37.35903280952381,5.423266212836876,31.58435,47.01752,1033.0453254,9,42,33
WA1,53041,216,38.13796641203704,1.8025939945600995,33.339348,41.72307,14522.0725451,2,216,214
WA1,53045,100,40.06173203,1.6540598795807755,33.39571,42.034107,7104.9074743,1,100,99
WA1,53049,88,43.19696772727273,1.288652068015072,40.88703,45.380016,6725.432609,1,88,87
WA1,53053,114,34.04096164035088,2.262187434242598,31.616627,41.36021,5129.8654284,2,114,112
WA1,53055,9,48.03868444444444,0.5894437390862927,46.938633,48.6914,298.58981600000004,1,9,8
WA1,53057,131,39.762023534351144,2.6287353976840815,32.514385,42.619656,5249.0576315,2,131,129
WA1,53061,134,36.26654173134328,1.6313971394946385,33.276615,41.8214,5423.7704666,1,134,133
WA1,53067,90,35.652088077777776,2.375616495703489,31.94578,39.292496,3674.8901076,2,90,88
WA1,53073,92,39.93005217391305,5.292318530977722,31.383036,45.73404,2452.3722289,8,92,84
WA2,16049,18,42.612603111111106,1.89278305843824,40.304207,45.0871,1344.5512899999999,2,18,16
WA2,16061,1,38.950676,0.0,38.950676,38.950676,155.7257,1,1,0
WA2,16069,3,39.13340766666666,0.1859410606518469,38.94457,39.31631,91.127241,1,3,2
WA2,41009,10,31.6796535,0.1574349207459323,31.368391,31.822205,570.967481,1,10,9
WA2,41013,264,36.148606393939396,1.5849831470856541,33.67025,39.375607,25603.885824,1,264,263
WA2,41017,121,35.05041001652893,0.6874193175853457,34.076458,36.98097,8025.8771801,1,121,120
WA2,41021,165,34.26921328484848,1.328807485234147,31.668404,36.401016,16174.360196,1,165,164
WA2,41023,55,40.808693181818185,0.9691384362890467,39.484585,44.137924,3337.025902,1,55,54
WA2,41031,179,36.26695924581006,1.259652471901947,33.33779,38.476807,14611.7085023,1,179,178
WA2,41049,231,34.235217614718614,0.7888810775738765,32.212757,36.023403,23954.031247,1,231,230
WA2,41055,132,33.619309030303036,0.724830173881887,32.070957,35.145042,14816.326486,1,132,131
WA2,41059,401,36.798131815461346,1.7760508349005721,33.374634,39.891846,40973.3560257,2,401,399
WA2,41061,1,37.18031,0.0,37.18031,37.18031,20.25,1,1,0
WA2,41063,15,43.87222713333333,0.30200913636082033,43.337864,44.23985,1203.936565,1,15,14
WA2,41065,295,35.40799166779661,0.932153369595368,33.198154,37.299526,29196.1541047,1,295,294
WA2,41069,209,38.014980961722486,1.3023846651547846,36.016533,40.913567,16034.198313,1,209,208
WA2,53001,45,33.96594546666667,0.4452156435517627,33.10342,34.802578,4759.0416079999995,1,45,44
WA2,53005,269,31.91711873605948,1.118678105029315,29.063038,34.96643,28237.4972452,1,269,268
WA2,53009,34,32.774499647058825,0.6222178467518272,30.765574,33.685764,822.0715665,1,34,33
WA2,53013,18,38.36587711111111,0.5745697399918824,37.25022,39.14935,1293.914688,1,18,17
WA2,53015,15,31.772578266666663,0.22116578042450621,31.43644,32.121857,502.424412,1,15,14
WA2,53021,184,34.19124260326087,0.6608688438840514,32.34995,35.642227,20222.3632799,1,184,183
WA2,53025,79,31.582564506329117,0.5789043399793653,30.446295,32.658127,7458.9412206,1,79,78
WA2,53027,12,32.840493583333334,0.15408257149183882,32.564617,33.05753,777.234098,1,12,11
WA2,53037,123,31.402309682926827,1.3301233696840529,28.684158,35.511738,6984.2898995,1,123,122
WA2,53039,296,31.30519114527027,1.3978460587551134,29.013227,34.629753,31213.570119,1,296,295
WA2,53041,10,31.8232078,0.11862153553474983,31.619902,31.98299,533.641426,1,10,9
WA2,53045,15,32.477568866666665,0.2787676325879617,31.918634,32.758865,645.0011108,1,15,14
WA2,53059,7,36.648754,1.7093733989073308,35.170765,39.19018,308.0353155,1,7,6
WA2,53067,3,31.898531666666667,0.053588372193352045,31.852661,31.957434,238.993088,1,3,2
WA2,53071,199,36.523232969849246,1.7818230228972682,28.897055,39.47961,20988.6990767,2,199,197
WA2,53077,522,29.449046057471264,1.0751122591297941,27.593431,33.10365,46359.8633643,1,522,521
WA3,41021,42,35.238498666666665,0.649295662933591,34.375134,36.31133,4429.266826,1,42,41
WA3,41023,161,40.923362757763975,1.0848261025082544,36.97119,43.766247,13297.705097,1,161,160
WA3,41049,67,35.846716119402984,0.6540079026793111,34.503166,37.00274,7647.142641,1,67,66
WA3,41059,8,37.032812375,0.6511755751662708,35.957394,37.99295,547.554852,1,8,7
WA3,41061,17,36.87417605882353,0.3758791233979784,36.057796,37.44416,1498.957292,1,17,16
WA3,41063,155,41.95951144516129,1.8612276048852687,37.998238,44.79645,13899.8343262,2,155,153
WA3,41069,35,38.13179434285715,0.9275472048576477,36.40083,39.325607,2623.373779,1,35,34
WA3,53001,89,34.19311493258427,0.32602697331787234,33.174316,34.892097,10839.032371,1,89,88
WA3,53003,59,38.20138901694916,0.5905954939380652,37.131363,40.424515,4748.54415,1,59,58
WA3,53007,44,30.23788225,0.7455440493436181,28.803654,31.958153,1594.0431303,1,44,43
WA3,53017,310,30.559292841935484,1.6939406602920124,27.365273,34.27551,34694.0173561,1,310,309
WA3,53019,43,38.277155023255816,2.4514761049773552,35.123367,43.7222,2724.7731545,2,43,41
WA3,53023,2,38.967918499999996,1.6063323535011311,37.83207,40.103767,279.03112999999996,1,2,1
WA3,53025,392,32.10681927040817,1.2032835446799375,28.2903,34.69441,41420.3684764,1,392,391
WA3,53037,31,29.64335493548387,0.4978894345112471,28.685423,30.599764,2196.944063,1,31,30
WA3,53043,51,33.69876998039216,0.3428211779143454,33.26871,34.895996,6323.624258,1,51,50
WA3,53047,426,35.84153310093897,2.3153494984214658,31.364141,42.588764,35198.8740851,2,426,424
WA4,16009,68,34.321508470588235,1.241570997656128,32.492603,36.897644,7116.9002434,1,68,67
WA4,16035,7,40.34172614285715,1.2198426551994905,38.83287,41.791927,256.375651,1,7,6
WA4,16049,28,42.61522289285715,0.9600407022064534,41.043552,44.000755,2436.423118,1,28,27
WA4,16055,20,32.29402635,0.784132405922103,30.499516,33.76142,1619.610972,1,20,19
WA4,16057,19,36.28530384210526,1.527638905196488,34.25075,38.519974,1838.38938,1,19,18
WA4,16069,3,37.6405,0.21143143472293452,37.437527,37.85948,209.5006653,1,3,2
WA4,16079,5,39.866726400000005,2.32743021118858,36.994183,41.710064,227.875788,2,5,3
WA4,30053,19,42.27472142105263,1.5484976312963739,40.635,46.393173,667.586485,1,19,18
WA4,53001,212,33.948493599056604,0.4673012211076336,32.783108,34.846165,24371.59957,1,212,211
WA4,53003,2,37.519583499999996,0.10328496620756943,37.44655,37.592617,87.800848,1,2,1
WA4,53005,8,28.642688874999997,0.12682510412536882,28.427189,28.78167,787.7630606,1,8,7
WA4,53013,77,37.442071506493505,0.6708877836969461,36.125072,38.83977,8230.250345,1,77,76
WA4,53019,132,37.85864731818182,2.9886554277530357,33.896553,44.28559,7654.5358841,2,132,130
WA4,53021,35,34.697119428571426,1.8771482584194865,28.639074,35.759212,3658.077967,2,35,33
WA4,53023,78,37.14284367948718,0.41187144477381354,36.289337,37.9312,8427.168493,1,78,77
WA4,53043,359,32.69606453760446,0.7657308560020143,30.993244,34.921047,42044.296994,1,359,358
WA4,53051,38,36.01382684210526,3.5701516988539805,32.65606,42.056202,2526.899966,3,38,35
WA4,53063,262,31.532854751908395,0.859382771610633,29.516682,33.279636,18799.4601404,1,262,261
WA4,53065,311,35.96129993247588,3.1063899789700504,30.8365,42.343945,23471.1869221,2,311,309
WA4,53071,18,35.8107405,1.6662998221558152,29.18906,36.619072,2029.108716,1,18,17
WA4,53075,365,34.73921980547945,1.0154706782453846,32.715454,37.622196,41844.032057,1,365,364
WY1,08045,132,35.10329861363637,0.8252835975146429,33.175285,37.416153,7102.5377191,1,132,131
WY1,08077,11,35.70615545454545,0.6878690212551178,34.864742,37.120823,599.82605,1,11,10
WY1,08081,324,32.89608180555555,0.8597068450318961,30.186419,35.356,32417.832811,1,324,323
WY1,08103,361,33.92730579501385,0.9281892021740106,31.990547,36.138256,27165.4303525,1,361,360
WY1,16007,1,33.11306,0.0,33.11306,33.11306,128.86743,1,1,0
WY1,16081,3,28.537116666666666,0.34516461885647004,28.138594,28.741213,95.87689800000001,1,3,2
WY1,49005,8,34.814266375,0.3502493827582764,34.44532,35.5068,313.285211,1,8,7
WY1,49007,29,36.129022551724134,0.5012116323806589,35.11724,36.97048,2098.432212,1,29,28
WY1,49009,32,31.47856775,1.0684651287481688,28.694307,33.05251,1962.882484,1,32,31
WY1,49013,287,34.63842901045296,1.0526737042735195,32.494053,36.987972,28073.797641,1,287,286
WY1,49015,192,36.01763615625,1.1227204851620136,34.156666,39.06184,8136.829244,1,192,191
WY1,49017,9,39.35207877777778,0.49499529492682426,38.43661,39.750805,297.478711,1,9,8
WY1,49019,133,36.343557533834584,1.057819542685197,34.486183,38.796295,6696.880713,1,133,132
WY1,49033,47,33.32012878723404,0.4501127421316809,32.787113,34.842686,3977.584436,1,47,46
WY1,49037,3,36.56857933333333,0.11645704654220783,36.456776,36.68919,69.750002,1,3,2
WY1,49043,9,33.73309855555556,0.3562541072612748,33.12811,34.2428,801.123106,1,9,8
WY1,49047,478,33.297695255230124,1.727898372559826,29.053045,36.165264,34328.861946,1,478,477
WY1,49051,20,33.44372565,0.31093427927784056,32.868313,34.144722,1193.644911,1,20,19
WY1,49055,109,38.4953567706422,1.0054244616641468,36.894943,41.096226,6593.608306,1,109,108
WY1,56007,619,32.629478806138934,1.2445060725626813,30.025312,35.85412,75358.7673324,1,619,618
WY1,56013,804,33.80173160199005,2.067591007864141,25.37178,39.934048,91178.7183429,2,804,802
WY1,56017,7,35.26863085714286,0.16664891785370206,34.970848,35.46598,839.530092,1,7,6
WY1,56023,399,30.186038521303256,1.3894792789243489,28.010334,34.02943,44384.742622,1,399,398
WY1,56025,26,33.842973615384615,0.47625284090718706,33.096626,34.645267,2590.447877,1,26,25
WY1,56035,522,34.063224375478924,5.342305184983255,28.571276,46.608837,59490.380793,9,522,513
WY1,56037,1608,28.611331366915422,1.8343337060384841,25.05742,34.986732,201334.765916,2,1608,1606
WY1,56039,18,26.905738944444447,0.35410205058187905,26.479788,28.005514,426.2502568,1,18,17
WY1,56041,267,30.624323513108614,1.2517793645708502,28.230719,34.42994,29349.4667255,1,267,266
WY2,30003,390,30.18112143589744,1.156051733393392,27.794308,32.623493,48074.938384,1,390,389
WY2,30075,44,29.78943690909091,0.6280546321827616,28.896395,31.410648,5002.1541720000005,1,44,43
WY2,30087,102,29.946270460784312,0.8406265344305429,28.424019,31.68839,11046.496076,1,102,101
WY2,56003,50,35.127458940000004,1.3905248697839718,31.916245,40.95605,4480.716372,1,50,49
WY2,56005,2,30.491945,0.008100615285271142,30.486217,30.497673,239.11743,1,2,1
WY2,56009,16,32.850126375,0.50308086232505,32.051086,33.78619,1756.838516,1,16,15
WY2,56017,25,36.15417924,0.44503174824484176,35.498585,37.01154,3254.954373,1,25,24
WY2,56019,302,30.29932201655629,0.9511719834444119,27.068995,32.969646,36082.64315,1,302,301
WY2,56025,298,33.63770281208054,0.544880869092838,32.584553,35.947365,37768.54305,1,298,297
WY2,56033,303,28.603077719471948,0.7897358149215382,27.115393,30.683937,32726.783762,1,303,302
WY2,56043,249,34.01824757831326,1.1015780160161461,31.53702,36.85301,29926.442491,1,249,248
WY3,30011,164,30.87960261585366,0.5407697188368774,29.407116,31.871445,22694.409654,1,164,163
WY3,30075,170,30.35402699411765,0.5864343486360493,29.162096,31.420416,22500.19026,1,170,169
WY3,46033,8,30.95000275,0.2357555770258383,30.681383,31.283836,642.3590489999999,1,8,7
WY3,46063,36,33.614462333333336,0.31885978894187705,33.053413,34.195827,4913.543368,1,36,35
WY3,46081,1,31.650227,0.0,31.650227,31.650227,39.598797,1,1,0
WY3,46103,3,31.370298666666667,0.6675686773249125,30.60791,31.850086,72.000002,1,3,2
WY3,56001,15,32.05161066666667,0.4237701432145681,31.420795,32.761383,1821.792256,1,15,14
WY3,56005,797,27.915155752823086,1.0540162131976005,25.590078,30.505123,96770.885808,1,797,796
WY3,56007,189,32.98810683597883,1.1027129037407584,31.048685,36.355026,23051.602984,1,189,188
WY3,56009,527,31.10188181024668,1.1670517585318056,28.786692,33.805233,61078.335492,1,527,526
WY3,56011,395,29.20379056202532,1.223923015114836,26.67819,31.814684,48314.825789,1,395,394
WY3,56013,242,33.82250885123967,0.8678034803801318,31.831076,35.824383,31629.748247,1,242,241
WY3,56017,211,35.34186603791469,0.5919189742590417,33.831272,36.797455,23402.944485,1,211,210
WY3,56019,281,30.335709128113876,1.0506213237671957,28.628283,32.921963,37513.621772,1,281,280
WY3,56025,401,32.684243309226936,1.0345588261365852,30.007593,35.463486,51596.263418,1,401,400
WY3,56027,137,31.11002197080292,0.481517766442308,29.958721,32.036797,19218.96213,1,137,136
WY3,56029,3,35.27048,0.24350661038255103,34.99139,35.43964,375.29104,1,3,2
WY3,56033,21,29.72817142857143,0.3074958441944499,29.160786,30.513052,2608.9092650000002,1,21,20
WY3,56043,37,35.06308794594595,0.4898858684807187,33.199184,35.727192,4475.888033,1,37,36
WY3,56045,393,29.154225982188297,1.0021356148626372,26.680727,31.188776,44085.695937,1,393,392
WY4,08049,30,34.453368100000006,0.6088087864122682,33.333633,35.354145,2592.253927,1,30,29
WY4,08057,186,32.371456424731186,0.815931428520504,30.890928,34.47029,15755.1027216,1,186,185
WY4,08063,210,30.390002552380952,0.4735235296088407,29.368702,31.622414,26929.80262,1,210,209
WY4,08069,168,28.811575,1.3427884500129195,25.932272,31.703037,10831.024959,1,168,167
WY4,08073,41,29.87302634146341,0.3470401455366944,29.28656,30.620724,5472.019767,1,41,40
WY4,08075,198,30.022657525252523,0.684686191130757,28.432713,31.39026,23487.1902525,1,198,197
WY4,08081,22,39.475229090909096,0.32234433788034506,39.02508,40.146652,2541.897176,1,22,21
WY4,08095,6,31.620391166666668,0.15527866153907555,31.424448,31.841574,843.33051,1,6,5
WY4,08107,78,37.32366334615385,1.5756791436200892,34.627445,39.958317,6536.732537,1,78,77
WY4,08117,5,33.5305564,0.237713384694259,33.229206,33.791412,272.251507,1,5,4
WY4,08121,50,31.00167712,0.38258733749492335,30.327263,31.68914,7040.28944,1,50,49
WY4,08123,372,27.45557099731183,0.8340883666169805,25.67317,29.337566,40831.0036445,1,372,371
WY4,08125,75,31.966773493333335,0.513441363843759,31.023684,33.2336,9675.825247,1,75,74
WY4,56001,594,29.90045739057239,1.1669474503472497,25.569324,33.074017,64333.889464,1,594,593
WY4,56007,325,33.83135605538462,2.342447766020528,30.331615,39.966534,34960.45926,2,325,323
WY4,56015,32,28.066050875,0.23228287902771322,27.683077,28.523441,4525.66794,1,32,31
WY4,56021,471,26.96402623779193,0.696945624000835,25.540777,28.625017,52578.1044263,1,471,470
WY4,56025,121,33.50590355371901,1.8501579061228122,25.666698,35.14315,14132.680041,2,121,119
WY4,56031,110,29.178512463636363,0.6715774656405334,28.064041,31.031206,13679.499723,1,110,109
