county_group,model_region,county_region_candidate_rows,county_region_capacity_mw,county_total_capacity_mw,n_model_regions,capacity_share_of_county,county_name_full,assigned_clusters_county_composite,raw_region_cluster_share
04001,AZ2,82,7896.790561,211973.675664,2,0.03725363791642327,"Apache County, AZ",22,0.819580034161312
04001,AZ3,1638,204076.885103,211973.675664,2,0.9627463620835767,"Apache County, AZ",22,21.180419965838688
04003,AZ2,17,322.0047414,87336.8008875,2,0.003686930802683965,"Cochise County, AZ",5,0.018434654013419826
04003,AZ4,855,87014.7961461,87336.8008875,2,0.996313069197316,"Cochise County, AZ",5,4.98156534598658
04005,AZ1,1214,143152.6994439,239935.439366,5,0.596630076082814,"Coconino County, AZ",33,19.688792510732863
04005,AZ2,225,17330.1922051,239935.439366,5,0.07222856386239944,"Coconino County, AZ",33,2.3835426074591815
04005,AZ3,526,67589.597774,239935.439366,5,0.28169910186088903,"Coconino County, AZ",33,9.296070361409338
04005,AZ4,1,10.125,239935.439366,5,4.219885160255639e-05,"Coconino County, AZ",33,0.0013925621028843607
04005,NV2,112,11852.824943,239935.439366,5,0.0494000593422949,"Coconino County, AZ",33,1.6302019582957317
04007,AZ2,304,25585.4228825,25990.6716735,3,0.9844079138819182,"Gila County, AZ",2,1.9688158277638363
04007,AZ3,1,46.348797,25990.6716735,3,0.001783285848947762,"Gila County, AZ",2,0.003566571697895524
04007,AZ4,4,358.899994,25990.6716735,3,0.01380880026913399,"Gila County, AZ",2,0.02761760053826798
04009,AZ2,266,27368.136157,60980.8475629,2,0.44879888113674626,"Graham County, AZ",4,1.795195524546985
04009,AZ4,355,33612.7114059,60980.8475629,2,0.5512011188632537,"Graham County, AZ",4,2.204804475453015
04011,AZ4,45,4337.814204,4337.814204,1,1.0,"Greenlee County, AZ",1,1.0
04012,AZ1,377,36432.4338526,39248.6941086,2,0.9282457590000959,"La Paz County, AZ",2,1.8564915180001917
04012,AZ2,27,2816.260256,39248.6941086,2,0.07175424099990409,"La Paz County, AZ",2,0.14350848199980817
04013,AZ1,51,4170.152205,60036.964591799995,2,0.069459744231799,"Maricopa County, AZ",4,0.277838976927196
04013,AZ2,730,55866.8123868,60036.964591799995,2,0.930540255768201,"Maricopa County, AZ",4,3.722161023072804
04015,AZ1,981,87845.1579742,133885.8975593,3,0.6561195732753863,"Mohave County, AZ",21,13.778511038783112
04015,NV2,461,45914.1842811,133885.8975593,3,0.3429351792690783,"Mohave County, AZ",21,7.201638764650644
04015,UT1,5,126.55530399999999,133885.8975593,3,0.0009452474555353884,"Mohave County, AZ",21,0.019850196566243157
04017,AZ2,89,7256.4697168,179979.2473464,3,0.04031836905525956,"Navajo County, AZ",15,0.6047755358288934
04017,AZ3,1411,168893.0424306,179979.2473464,3,0.9384028710017731,"Navajo County, AZ",15,14.076043065026596
04017,AZ4,56,3829.735199,179979.2473464,3,0.021278759942967414,"Navajo County, AZ",15,0.3191813991445112
04019,AZ2,211,24928.028711,112874.43807090001,2,0.22084742247258776,"Pima County, AZ",9,1.98762680225329
04019,AZ4,879,87946.4093599,112874.43807090001,2,0.7791525775274122,"Pima County, AZ",9,7.01237319774671
04021,AZ2,808,72460.659294,73114.050413,2,0.9910633986858998,"Pinal County, AZ",4,3.964253594743599
04021,AZ4,7,653.391119,73114.050413,2,0.008936601314100144,"Pinal County, AZ",4,0.035746405256400576
04023,AZ4,100,6690.0835144,6690.0835144,1,1.0,"Santa Cruz County, AZ",1,1.0
04025,AZ1,497,46211.2294086,68798.9656589,2,0.671684944185233,"Yavapai County, AZ",4,2.686739776740932
04025,AZ2,328,22587.7362503,68798.9656589,2,0.32831505581476716,"Yavapai County, AZ",4,1.3132602232590687
04027,AZ1,147,10679.2108812,12523.4323434,3,0.8527383378908957,"Yuma County, AZ",1,0.8527383378908957
04027,AZ2,18,687.5213928000001,12523.4323434,3,0.05489879882349763,"Yuma County, AZ",1,0.05489879882349763
04027,CA3,16,1156.7000694,12523.4323434,3,0.09236286328560676,"Yuma County, AZ",1,0.09236286328560676
06001,CA4,37,1767.2231395,1767.2231395,1,1.0,"Alameda County, CA",1,1.0
06003,CA4,1,5.0624995,590.0262815,2,0.008580125426158667,"Alpine County, CA",1,0.008580125426158667
06003,NV1,14,584.963782,590.0262815,2,0.9914198745738414,"Alpine County, CA",1,0.9914198745738414
06005,CA4,76,4430.3611447,4430.3611447,1,1.0,"Amador County, CA",1,1.0
06007,CA4,193,10616.7734857,10616.7734857,1,1.0,"Butte County, CA",1,1.0
06009,CA4,129,8638.9809065,8638.9809065,1,1.0,"Calaveras County, CA",1,1.0
06011,CA4,143,10702.180936,10702.180936,1,1.0,"Colusa County, CA",1,1.0
06013,CA4,27,812.9630517,812.9630517,1,1.0,"Contra Costa County, CA",1,1.0
06015,OR1,20,339.0796088,339.0796088,1,1.0,"Del Norte County, CA",1,1.0
06017,CA4,139,5214.7493787,5279.9993787,2,0.9876420440003791,"El Dorado County, CA",1,0.9876420440003791
06017,NV1,3,65.25,5279.9993787,2,0.012357955999620845,"El Dorado County, CA",1,0.012357955999620845
06019,CA4,571,42713.9383792,42713.9383792,1,1.0,"Fresno County, CA",4,4.0
06021,CA4,151,13533.6327516,13533.6327516,1,1.0,"Glenn County, CA",1,1.0
06023,CA1,37,2212.986294,5511.561917999999,3,0.4015170884269108,"Humboldt County, CA",1,0.4015170884269108
06023,CA4,81,3122.547244,5511.561917999999,3,0.5665448906238706,"Humboldt County, CA",1,0.5665448906238706
06023,OR1,5,176.02838,5511.561917999999,3,0.0319380209492187,"Humboldt County, CA",1,0.0319380209492187
06025,AZ1,316,22484.8131995,27048.242808,3,0.8312855426175676,"Imperial County, CA",2,1.6625710852351352
06025,CA2,46,3746.4762165,27048.242808,3,0.13851089119149407,"Imperial County, CA",2,0.27702178238298814
06025,CA3,14,816.953392,27048.242808,3,0.030203566190938346,"Imperial County, CA",2,0.06040713238187669
06027,NV2,168,10137.938453,10137.938453,1,1.0,"Inyo County, CA",1,1.0
06029,CA2,260,23059.3863625,68806.4374467,3,0.335134141777979,"Kern County, CA",14,4.691877984891706
06029,CA4,222,22092.5203775,68806.4374467,3,0.3210821719205224,"Kern County, CA",14,4.495150406887314
06029,NV2,359,23654.5307067,68806.4374467,3,0.3437836863014986,"Kern County, CA",14,4.81297160822098
06031,CA4,168,12425.2514237,12425.2514237,1,1.0,"Kings County, CA",1,1.0
06033,CA4,86,4127.0818149,4127.0818149,1,1.0,"Lake County, CA",1,1.0
06035,CA1,165,14203.484491,38238.174813,3,0.3714477628825312,"Lassen County, CA",3,1.1143432886475935
06035,NV1,331,23907.318778,38238.174813,3,0.6252212323134243,"Lassen County, CA",3,1.875663696940273
06035,OR2,1,127.371544,38238.174813,3,0.003331004804044594,"Lassen County, CA",3,0.009993014412133783
06037,CA2,130,7611.0165902,12535.0138742,2,0.6071805477507495,"Los Angeles County, CA",1,0.6071805477507495
06037,NV2,59,4923.997284,12535.0138742,2,0.3928194522492506,"Los Angeles County, CA",1,0.3928194522492506
06039,CA4,203,15566.7792113,15566.7792113,1,1.0,"Madera County, CA",1,1.0
06041,CA4,22,935.9250138,935.9250138,1,1.0,"Marin County, CA",1,1.0
06043,CA4,115,9738.0316148,9738.0316148,1,1.0,"Mariposa County, CA",1,1.0
06045,CA4,181,8411.7625109,8411.7625109,1,1.0,"Mendocino County, CA",1,1.0
06047,CA4,227,17109.370019,17109.370019,1,1.0,"Merced County, CA",2,2.0
06049,CA1,126,9300.805458,28593.279143,3,0.32527942708092494,"Modoc County, CA",2,0.6505588541618499
06049,NV1,211,16839.853245,28593.279143,3,0.5889444565200423,"Modoc County, CA",2,1.1778889130400847
06049,OR2,37,2452.62044,28593.279143,3,0.08577611639903264,"Modoc County, CA",2,0.17155223279806528
06051,NV1,32,966.7129454,2654.8195479,2,0.3641350863807989,"Mono County, CA",1,0.3641350863807989
06051,NV2,37,1688.1066025,2654.8195479,2,0.635864913619201,"Mono County, CA",1,0.635864913619201
06053,CA4,299,19114.5381283,19114.5381283,1,1.0,"Monterey County, CA",2,2.0
06055,CA4,89,3680.6805168,3680.6805168,1,1.0,"Napa County, CA",1,1.0
06057,CA4,79,2905.5101081,4086.1260767999997,2,0.7110671705889738,"Nevada County, CA",1,0.7110671705889738
06057,NV1,32,1180.6159687,4086.1260767999997,2,0.28893282941102616,"Nevada County, CA",1,0.28893282941102616
06059,CA2,12,529.9722624,578.6841264,2,0.9158230513371137,"Orange County, CA",1,0.9158230513371137
06059,CA3,1,48.711864,578.6841264,2,0.08417694866288629,"Orange County, CA",1,0.08417694866288629
06061,CA4,79,3101.0443904,3778.8398139,2,0.8206339890336678,"Placer County, CA",1,0.8206339890336678
06061,NV1,18,677.7954235,3778.8398139,2,0.17936601096633215,"Placer County, CA",1,0.17936601096633215
06063,CA4,21,1229.793165,6925.0043486,2,0.17758734913265756,"Plumas County, CA",1,0.17758734913265756
06063,NV1,109,5695.2111836,6925.0043486,2,0.8224126508673425,"Plumas County, CA",1,0.8224126508673425
06065,AZ1,135,10735.6439375,22152.3624066,3,0.48462749662769417,"Riverside County, CA",2,0.9692549932553883
06065,CA2,262,11203.2003936,22152.3624066,3,0.5057338891432255,"Riverside County, CA",2,1.011467778286451
06065,CA3,9,213.5180755,22152.3624066,3,0.009638614229080378,"Riverside County, CA",2,0.019277228458160756
06067,CA4,77,3914.7187425,3914.7187425,1,1.0,"Sacramento County, CA",1,1.0
06069,CA4,155,10187.5136465,10187.5136465,1,1.0,"San Benito County, CA",1,1.0
06071,AZ1,78,5066.7119,29588.7586259,3,0.17123773133101106,"San Bernardino County, CA",3,0.5137131939930332
06071,CA2,399,22194.8216219,29588.7586259,3,0.7501099286562212,"San Bernardino County, CA",3,2.2503297859686633
06071,NV2,59,2327.225104,29588.7586259,3,0.0786523400127677,"San Bernardino County, CA",3,0.2359570200383031
06073,AZ1,11,974.7766210000001,11833.1710078,3,0.08237661911227874,"San Diego County, CA",1,0.08237661911227874
06073,CA2,4,124.855853,11833.1710078,3,0.010551343584716178,"San Diego County, CA",1,0.010551343584716178
06073,CA3,268,10733.5385338,11833.1710078,3,0.9070720373030051,"San Diego County, CA",1,0.9070720373030051
06077,CA4,157,8201.271758,8201.271758,1,1.0,"San Joaquin County, CA",1,1.0
06079,CA2,19,1213.570832,25227.2127866,2,0.0481056247579049,"San Luis Obispo County, CA",3,0.1443168742737147
06079,CA4,327,24013.6419546,25227.2127866,2,0.9518943752420951,"San Luis Obispo County, CA",3,2.8556831257262854
06081,CA4,18,576.5184985,576.5184985,1,1.0,"San Mateo County, CA",1,1.0
06083,CA2,74,5061.472665,11707.438853,2,0.43232962636426764,"Santa Barbara County, CA",2,0.8646592527285353
06083,CA4,102,6645.966188,11707.438853,2,0.5676703736357324,"Santa Barbara County, CA",2,1.1353407472714647
06085,CA4,56,2500.3553902999997,2500.3553902999997,1,1.0,"Santa Clara County, CA",1,1.0
06087,CA4,16,193.5764399,193.5764399,1,1.0,"Santa Cruz County, CA",1,1.0
06089,CA1,319,24661.295343,25017.364224200002,2,0.985767130461507,"Shasta County, CA",2,1.971534260923014
06089,CA4,10,356.0688812,25017.364224200002,2,0.01423286953849297,"Shasta County, CA",2,0.02846573907698594
06091,CA4,7,305.999999,2164.172726,2,0.14139351971484002,"Sierra County, CA",1,0.14139351971484002
06091,NV1,42,1858.172727,2164.172726,2,0.8586064802851601,"Sierra County, CA",1,0.8586064802851601
06093,CA1,378,25746.5444528,25979.6805778,2,0.991026212801122,"Siskiyou County, CA",2,1.982052425602244
06093,OR2,6,233.136125,25979.6805778,2,0.00897378719887796,"Siskiyou County, CA",2,0.01794757439775592
06095,CA4,88,4378.7752055,4378.7752055,1,1.0,"Solano County, CA",1,1.0
06097,CA4,136,4949.9535951,4949.9535951,1,1.0,"Sonoma County, CA",1,1.0
06099,CA4,191,12538.6977056,12538.6977056,1,1.0,"Stanislaus County, CA",1,1.0
06101,CA4,72,6033.735837,6033.735837,1,1.0,"Sutter County, CA",1,1.0
06103,CA1,131,10575.484266,24552.5457638,2,0.4307286245482689,"Tehama County, CA",1,0.4307286245482689
06103,CA4,190,13977.0614978,24552.5457638,2,0.5692713754517311,"Tehama County, CA",1,0.5692713754517311
06105,CA1,38,1293.713563,1978.5845140000001,2,0.65385812627461,"Trinity County, CA",1,0.65385812627461
06105,CA4,11,684.870951,1978.5845140000001,2,0.3461418737253899,"Trinity County, CA",1,0.3461418737253899
06107,CA2,146,8403.5045642,22952.0964047,3,0.366132331270584,"Tulare County, CA",3,1.098396993811752
06107,CA4,243,14325.8418395,22952.0964047,3,0.6241626728513756,"Tulare County, CA",3,1.8724880185541268
06107,NV2,6,222.750001,22952.0964047,3,0.009704995878040426,"Tulare County, CA",3,0.029114987634121278
06109,CA4,100,5360.3487567,5360.3487567,1,1.0,"Tuolumne County, CA",1,1.0
06111,CA2,74,2031.9759031,2318.2984871,2,0.8764945128536207,"Ventura County, CA",1,0.8764945128536207
06111,NV2,8,286.322584,2318.2984871,2,0.12350548714637948,"Ventura County, CA",1,0.12350548714637948
06113,CA4,95,6672.082393,6672.082393,1,1.0,"Yolo County, CA",1,1.0
06115,CA4,78,4038.0044235,4038.0044235,1,1.0,"Yuba County, CA",1,1.0
08001,CO1,178,19019.211944,19019.211944,1,1.0,"Adams County, CO",1,1.0
08003,CO2,76,6880.485277,6880.485277,1,1.0,"Alamosa County, CO",1,1.0
08005,CO1,109,11148.5814133,12494.769437300001,2,0.8922598747615706,"Arapahoe County, CO",1,0.8922598747615706
08005,CO2,11,1346.188024,12494.769437300001,2,0.10774012523842923,"Arapahoe County, CO",1,0.10774012523842923
08007,AZ3,24,1396.743449,7614.768364,2,0.18342559907709363,"Archuleta County, CO",1,0.18342559907709363
08007,NM1,107,6218.024915,7614.768364,2,0.8165744009229065,"Archuleta County, CO",1,0.8165744009229065
08011,CO2,117,14896.263953,14896.263953,1,1.0,"Bent County, CO",1,1.0
08013,CO1,61,1791.9803096,1791.9803096,1,1.0,"Boulder County, CO",1,1.0
08014,CO1,2,42.037322,42.037322,1,1.0,"Broomfield County, CO",1,1.0
08015,CO1,1,51.648308,3305.466422,2,0.015625119546290766,"Chaffee County, CO",1,0.015625119546290766
08015,CO2,48,3253.818114,3305.466422,2,0.9843748804537092,"Chaffee County, CO",1,0.9843748804537092
08017,CO2,69,7737.065047,7737.065047,1,1.0,"Cheyenne County, CO",1,1.0
08019,CO1,4,104.4308063,104.4308063,1,1.0,"Clear Creek County, CO",1,1.0
08021,CO2,133,10786.333996,10804.333996,2,0.9983340018915868,"Conejos County, CO",1,0.9983340018915868
08021,NM1,1,18.0,10804.333996,2,0.0016659981084131603,"Conejos County, CO",1,0.0016659981084131603
08023,CO2,148,16398.375055,16398.375055,1,1.0,"Costilla County, CO",1,1.0
08025,CO2,140,17619.174729,17619.174729,1,1.0,"Crowley County, CO",1,1.0
08027,CO2,82,8088.805314,8088.805314,1,1.0,"Custer County, CO",1,1.0
08029,CO1,2,51.75,7671.579797,2,0.006745677079476776,"Delta County, CO",1,0.006745677079476776
08029,CO2,121,7619.829797,7671.579797,2,0.9932543229205232,"Delta County, CO",1,0.9932543229205232
08031,CO1,3,211.806147,211.806147,1,1.0,"Denver County, CO",1,1.0
08033,CO2,1,126.94604,8397.352539000001,2,0.015117388416220687,"Dolores County, CO",1,0.015117388416220687
08033,NM1,89,8270.406499,8397.352539000001,2,0.9848826115837792,"Dolores County, CO",1,0.9848826115837792
08035,CO1,67,2716.3969544,3811.6599934,2,0.7126545807085418,"Douglas County, CO",1,0.7126545807085418
08035,CO2,15,1095.263039,3811.6599934,2,0.28734541929145824,"Douglas County, CO",1,0.28734541929145824
08037,CO1,67,4109.04865,4109.04865,1,1.0,"Eagle County, CO",1,1.0
08039,CO1,136,14516.0468625,36843.1573575,2,0.39399573499215945,"Elbert County, CO",2,0.7879914699843189
08039,CO2,175,22327.110495,36843.1573575,2,0.6060042650078405,"Elbert County, CO",2,1.212008530015681
08041,CO2,261,25980.547827,25980.547827,1,1.0,"El Paso County, CO",2,2.0
08043,CO2,175,13724.148932,13724.148932,1,1.0,"Fremont County, CO",1,1.0
08045,CO1,34,1972.2259549999999,10160.2283281,4,0.1941123655209049,"Garfield County, CO",1,0.1941123655209049
08045,CO2,12,561.602374,10160.2283281,4,0.05527458201375104,"Garfield County, CO",1,0.05527458201375104
08045,UT2,9,523.86228,10160.2283281,4,0.051560089309327976,"Garfield County, CO",1,0.051560089309327976
08045,WY1,132,7102.5377191,10160.2283281,4,0.6990529631560161,"Garfield County, CO",1,0.6990529631560161
08047,CO1,11,170.7742409,170.7742409,1,1.0,"Gilpin County, CO",1,1.0
08049,CO1,105,7330.869135,9923.123062,2,0.738766322779279,"Grand County, CO",1,0.738766322779279
08049,WY4,30,2592.253927,9923.123062,2,0.26123367722072094,"Grand County, CO",1,0.26123367722072094
08051,CO1,1,22.5,9838.8234534,2,0.002286858800401046,"Gunnison County, CO",1,0.002286858800401046
08051,CO2,159,9816.3234534,9838.8234534,2,0.997713141199599,"Gunnison County, CO",1,0.997713141199599
08053,CO2,2,29.2500005,126.0000005,2,0.2321428601899093,"Hinsdale County, CO",1,0.2321428601899093
08053,NM1,2,96.75,126.0000005,2,0.7678571398100907,"Hinsdale County, CO",1,0.7678571398100907
08055,CO2,235,25648.105267,25648.105267,1,1.0,"Huerfano County, CO",2,2.0
08057,WY4,186,15755.1027216,15755.1027216,1,1.0,"Jackson County, CO",1,1.0
08059,CO1,47,808.8230975,808.8230975,1,1.0,"Jefferson County, CO",1,1.0
08061,CO2,109,14121.804844,14121.804844,1,1.0,"Kiowa County, CO",1,1.0
08063,CO2,21,2982.57906,29912.38168,2,0.09971051760128517,"Kit Carson County, CO",1,0.09971051760128517
08063,WY4,210,26929.80262,29912.38168,2,0.9002894823987149,"Kit Carson County, CO",1,0.9002894823987149
08065,CO1,9,436.049399,938.928921,2,0.4644115110817851,"Lake County, CO",1,0.4644115110817851
08065,CO2,11,502.87952199999995,938.928921,2,0.5355884889182149,"Lake County, CO",1,0.5355884889182149
08067,AZ3,145,12315.0421565,14420.656622499999,2,0.8539862281503403,"La Plata County, CO",1,0.8539862281503403
08067,NM1,34,2105.614466,14420.656622499999,2,0.14601377184965977,"La Plata County, CO",1,0.14601377184965977
08069,CO1,44,1321.9850692,12153.0100282,2,0.10877840684179878,"Larimer County, CO",1,0.10877840684179878
08069,WY4,168,10831.024959,12153.0100282,2,0.8912215931582013,"Larimer County, CO",1,0.8912215931582013
08071,CO2,482,52958.054274,52958.054274,1,1.0,"Las Animas County, CO",3,3.0
08073,CO2,389,50444.858497,55916.878264,2,0.9021401062275869,"Lincoln County, CO",3,2.7064203186827607
08073,WY4,41,5472.019767,55916.878264,2,0.09785989377241319,"Lincoln County, CO",3,0.29357968131723955
08075,CO1,44,5502.247624,28989.4378765,2,0.18980180462417115,"Logan County, CO",1,0.18980180462417115
08075,WY4,198,23487.1902525,28989.4378765,2,0.8101981953758288,"Logan County, CO",1,0.8101981953758288
08077,CO1,24,1096.1222163,21676.144244299998,6,0.050568136285965085,"Mesa County, CO",2,0.10113627257193017
08077,CO2,245,18510.021182,21676.144244299998,6,0.853935135944089,"Mesa County, CO",2,1.707870271888178
08077,NM1,2,181.31233400000002,21676.144244299998,6,0.008364602669023034,"Mesa County, CO",2,0.016729205338046067
08077,UT1,7,344.54514,21676.144244299998,6,0.015895130430800777,"Mesa County, CO",2,0.031790260861601555
08077,UT2,8,944.317322,21676.144244299998,6,0.043564819986299894,"Mesa County, CO",2,0.08712963997259979
08077,WY1,11,599.82605,21676.144244299998,6,0.027672174683822354,"Mesa County, CO",2,0.05534434936764471
08079,CO2,9,260.5524,409.052399,2,0.6369658279402977,"Mineral County, CO",1,0.6369658279402977
08079,NM1,5,148.499999,409.052399,2,0.36303417205970234,"Mineral County, CO",1,0.36303417205970234
08081,CO1,368,43213.205432,78172.935419,3,0.5527898524007197,"Moffat County, CO",9,4.975108671606477
08081,WY1,324,32417.832811,78172.935419,3,0.4146938149020923,"Moffat County, CO",9,3.7322443341188305
08081,WY4,22,2541.897176,78172.935419,3,0.03251633269718805,"Moffat County, CO",9,0.2926469942746925
08083,AZ3,235,19992.3273681,20549.8827841,3,0.9728681948282744,"Montezuma County, CO",2,1.9457363896565487
08083,CO2,4,139.50000599999998,20549.8827841,3,0.006788360180231048,"Montezuma County, CO",2,0.013576720360462096
08083,NM1,6,418.05541000000005,20549.8827841,3,0.020343444991494593,"Montezuma County, CO",2,0.04068688998298919
08085,CO2,198,16013.0159723,23071.5729573,2,0.6940582682392868,"Montrose County, CO",2,1.3881165364785737
08085,NM1,82,7058.556985,23071.5729573,2,0.30594173176071315,"Montrose County, CO",2,0.6118834635214263
08087,CO1,233,24802.7647665,24802.7647665,1,1.0,"Morgan County, CO",1,1.0
08089,CO2,204,19066.747259,19066.747259,1,1.0,"Otero County, CO",1,1.0
08091,CO2,59,4819.775669,4819.775669,1,1.0,"Ouray County, CO",1,1.0
08093,CO1,71,4744.7377851,18778.204397100002,2,0.25267260302229694,"Park County, CO",1,0.25267260302229694
08093,CO2,145,14033.466612,18778.204397100002,2,0.7473273969777029,"Park County, CO",1,0.7473273969777029
08095,CO1,4,573.2994,1416.62991,2,0.40469242951393,"Phillips County, CO",1,0.40469242951393
08095,WY4,6,843.33051,1416.62991,2,0.59530757048607,"Phillips County, CO",1,0.59530757048607
08097,CO1,24,1077.4319686000001,1077.4319686000001,1,1.0,"Pitkin County, CO",1,1.0
08101,CO2,363,39734.476162,39734.476162,1,1.0,"Pueblo County, CO",2,2.0
08103,CO1,12,888.630363,28963.9090185,4,0.030680608837446933,"Rio Blanco County, CO",2,0.061361217674893866
08103,UT1,9,777.047457,28963.9090185,4,0.02682812794722148,"Rio Blanco County, CO",2,0.05365625589444296
08103,UT2,4,132.800846,28963.9090185,4,0.004585045682721095,"Rio Blanco County, CO",2,0.00917009136544219
08103,WY1,361,27165.4303525,28963.9090185,4,0.9379062175326105,"Rio Blanco County, CO",2,1.875812435065221
08105,CO2,86,6913.163816,6913.163816,1,1.0,"Rio Grande County, CO",1,1.0
08107,CO1,176,13893.5835205,20430.3160575,2,0.6800474100056638,"Routt County, CO",2,1.3600948200113276
08107,WY4,78,6536.732537,20430.3160575,2,0.3199525899943362,"Routt County, CO",2,0.6399051799886724
08109,CO2,94,7423.8503709999995,17558.667129,2,0.4228026145981618,"Saguache County, CO",1,0.4228026145981618
08109,NM1,139,10134.816758,17558.667129,2,0.5771973854018382,"Saguache County, CO",1,0.5771973854018382
08113,CO2,130,11180.02665,15989.561936,2,0.6992078141195675,"San Miguel County, CO",1,0.6992078141195675
08113,NM1,53,4809.535286,15989.561936,2,0.3007921858804325,"San Miguel County, CO",1,0.3007921858804325
08117,CO1,12,477.857075,750.1085820000001,2,0.6370505370381164,"Summit County, CO",1,0.6370505370381164
08117,WY4,5,272.251507,750.1085820000001,2,0.3629494629618835,"Summit County, CO",1,0.3629494629618835
08119,CO2,51,1978.3985235,1978.3985235,1,1.0,"Teller County, CO",1,1.0
08121,CO1,352,47810.947558,57126.868458,3,0.8369257557527573,"Washington County, CO",2,1.6738515115055146
08121,CO2,16,2275.63146,57126.868458,3,0.039834696377118194,"Washington County, CO",2,0.07966939275423639
08121,WY4,50,7040.28944,57126.868458,3,0.12323954787012456,"Washington County, CO",2,0.24647909574024912
08123,CO1,316,25434.1601081,66265.1637526,2,0.3838239984293717,"Weld County, CO",3,1.1514719952881152
08123,WY4,372,40831.0036445,66265.1637526,2,0.6161760015706284,"Weld County, CO",3,1.848528004711885
08125,CO1,275,36611.7940866,46287.6193336,2,0.7909629964491097,"Yuma County, CO",1,0.7909629964491097
08125,WY4,75,9675.825247,46287.6193336,2,0.20903700355089028,"Yuma County, CO",1,0.20903700355089028
16001,ID1,87,6232.2509071,6232.2509071,1,1.0,"Ada County, ID",1,1.0
16003,OR3,82,7616.38318,7616.38318,1,1.0,"Adams County, ID",1,1.0
16005,ID3,135,11403.9786148,11403.9786148,1,1.0,"Bannock County, ID",1,1.0
16007,ID3,106,8392.081452,8520.948882,2,0.984876399121203,"Bear Lake County, ID",1,0.984876399121203
16007,WY1,1,128.86743,8520.948882,2,0.015123600878797057,"Bear Lake County, ID",1,0.015123600878797057
16009,ID2,23,1690.0510196,8806.951263,2,0.1918996675614963,"Benewah County, ID",1,0.1918996675614963
16009,WA4,68,7116.9002434,8806.951263,2,0.8081003324385037,"Benewah County, ID",1,0.8081003324385037
16011,ID3,343,38253.3954965,38253.3954965,1,1.0,"Bingham County, ID",2,2.0
16013,ID1,59,5044.5401587,19946.5905797,2,0.25290237640080293,"Blaine County, ID",1,0.25290237640080293
16013,ID3,150,14902.050421,19946.5905797,2,0.747097623599197,"Blaine County, ID",1,0.747097623599197
16015,ID1,48,2627.7003665,2647.9503665,2,0.9923525756916789,"Boise County, ID",1,0.9923525756916789
16015,OR3,1,20.25,2647.9503665,2,0.00764742430832115,"Boise County, ID",1,0.00764742430832115
16017,ID2,143,8044.2683375999995,8044.2683375999995,1,1.0,"Bonner County, ID",1,1.0
16019,ID3,167,15382.2004849,15382.2004849,1,1.0,"Bonneville County, ID",1,1.0
16021,ID2,66,3632.260721,3632.260721,1,1.0,"Boundary County, ID",1,1.0
16023,ID3,277,30966.098904,30966.098904,1,1.0,"Butte County, ID",2,2.0
16025,ID1,76,9350.673022,9350.673022,1,1.0,"Camas County, ID",1,1.0
16027,ID1,69,2992.7418323,3817.6674209000003,2,0.7839189490200467,"Canyon County, ID",1,0.7839189490200467
16027,OR3,21,824.9255886000001,3817.6674209000003,2,0.21608105097995337,"Canyon County, ID",1,0.21608105097995337
16029,ID3,215,18687.340069,18687.340069,1,1.0,"Caribou County, ID",1,1.0
16031,ID3,338,37449.0830735,37449.0830735,1,1.0,"Cassia County, ID",2,2.0
16033,ID3,214,24840.579205,24840.579205,1,1.0,"Clark County, ID",2,2.0
16035,ID2,130,11639.1651706,11895.5408216,2,0.9784477515696914,"Clearwater County, ID",1,0.9784477515696914
16035,WA4,7,256.375651,11895.5408216,2,0.021552248430308563,"Clearwater County, ID",1,0.021552248430308563
16037,ID3,186,16311.469991,16311.469991,1,1.0,"Custer County, ID",1,1.0
16039,ID1,278,25867.9921586,25867.9921586,1,1.0,"Elmore County, ID",2,2.0
16041,ID3,84,6666.119803,6666.119803,1,1.0,"Franklin County, ID",1,1.0
16043,ID3,173,16490.1924446,16490.1924446,1,1.0,"Fremont County, ID",1,1.0
16045,ID1,18,1247.8162790000001,5169.4181889,2,0.24138427834671328,"Gem County, ID",1,0.24138427834671328
16045,OR3,53,3921.6019099,5169.4181889,2,0.7586157216532867,"Gem County, ID",1,0.7586157216532867
16047,ID1,121,12391.9263351,12391.9263351,1,1.0,"Gooding County, ID",1,1.0
16049,ID2,96,8802.682711,13834.111668,5,0.636302707557413,"Idaho County, ID",2,1.272605415114826
16049,MT1,5,107.999998,13834.111668,5,0.007806789520849197,"Idaho County, ID",2,0.015613579041698394
16049,OR3,25,1142.454551,13834.111668,5,0.08258242946257531,"Idaho County, ID",2,0.16516485892515062
16049,WA2,18,1344.5512899999999,13834.111668,5,0.09719101032776194,"Idaho County, ID",2,0.19438202065552387
16049,WA4,28,2436.423118,13834.111668,5,0.1761170631314005,"Idaho County, ID",2,0.352234126262801
16051,ID3,181,20152.3290264,20152.3290264,1,1.0,"Jefferson County, ID",1,1.0
16053,ID1,59,5742.940018,11270.941541,2,0.5095350727451706,"Jerome County, ID",1,0.5095350727451706
16053,ID3,48,5528.001523,11270.941541,2,0.49046492725482943,"Jerome County, ID",1,0.49046492725482943
16055,ID2,94,3727.4203295,5347.0313015,2,0.6971008994195244,"Kootenai County, ID",1,0.6971008994195244
16055,WA4,20,1619.610972,5347.0313015,2,0.3028991005804756,"Kootenai County, ID",1,0.3028991005804756
16057,ID2,124,12869.2034905,14707.5928705,2,0.8750040610868839,"Latah County, ID",1,0.8750040610868839
16057,WA4,19,1838.38938,14707.5928705,2,0.12499593891311611,"Latah County, ID",1,0.12499593891311611
16059,ID3,175,17676.9315147,17676.9315147,1,1.0,"Lemhi County, ID",2,2.0
16061,ID2,77,7828.557478,7984.283178,2,0.9804959698286894,"Lewis County, ID",1,0.9804959698286894
16061,WA2,1,155.7257,7984.283178,2,0.019504030171310638,"Lewis County, ID",1,0.019504030171310638
16063,ID1,115,13443.252685,22736.5837,2,0.5912608887235772,"Lincoln County, ID",1,0.5912608887235772
16063,ID3,79,9293.331015,22736.5837,2,0.40873911127642276,"Lincoln County, ID",1,0.40873911127642276
16065,ID3,70,6084.8672072,6084.8672072,1,1.0,"Madison County, ID",1,1.0
16067,ID3,115,11875.1615729,11875.1615729,1,1.0,"Minidoka County, ID",1,1.0
16069,ID2,102,8574.862689,8875.4905953,3,0.9661283054641286,"Nez Perce County, ID",1,0.9661283054641286
16069,WA2,3,91.127241,8875.4905953,3,0.0102672905820278,"Nez Perce County, ID",1,0.0102672905820278
16069,WA4,3,209.5006653,8875.4905953,3,0.02360440395384349,"Nez Perce County, ID",1,0.02360440395384349
16071,ID3,157,15132.1952805,15132.1952805,1,1.0,"Oneida County, ID",1,1.0
16073,ID1,966,111092.781111,126087.650664,4,0.8810758272199193,"Owyhee County, ID",15,13.216137408298788
16073,ID3,104,13321.855247,126087.650664,4,0.10565551167655786,"Owyhee County, ID",15,1.584832675148368
16073,NV1,15,1383.978776,126087.650664,4,0.010976322968282154,"Owyhee County, ID",15,0.1646448445242323
16073,OR3,6,289.03553,126087.650664,4,0.002292338135240743,"Owyhee County, ID",15,0.03438507202861115
16075,OR3,69,5057.7331028,5057.7331028,1,1.0,"Payette County, ID",1,1.0
16077,ID3,220,24181.024121,24181.024121,1,1.0,"Power County, ID",2,2.0
16079,ID2,8,237.4076834,465.2834714,2,0.5102431055323321,"Shoshone County, ID",1,0.5102431055323321
16079,WA4,5,227.875788,465.2834714,2,0.48975689446766796,"Shoshone County, ID",1,0.48975689446766796
16081,ID3,52,4308.2352356,4404.112133600001,2,0.9782301414924173,"Teton County, ID",1,0.9782301414924173
16081,WY1,3,95.87689800000001,4404.112133600001,2,0.021769858507582663,"Teton County, ID",1,0.021769858507582663
16083,ID1,140,13554.104312,34146.326931999996,2,0.3969417952036845,"Twin Falls County, ID",2,0.793883590407369
16083,ID3,169,20592.22262,34146.326931999996,2,0.6030582047963156,"Twin Falls County, ID",2,1.2061164095926311
16085,OR3,85,5274.0664092,5274.0664092,1,1.0,"Valley County, ID",1,1.0
16087,OR3,188,18740.7675373,18740.7675373,1,1.0,"Washington County, ID",1,1.0
30001,ID3,431,42093.861468,55170.802207,2,0.7629735255627511,"Beaverhead County, MT",6,4.577841153376506
30001,MT2,124,13076.940739,55170.802207,2,0.2370264744372489,"Beaverhead County, MT",6,1.4221588466234933
30003,MT3,436,52777.0885003,100852.0268843,2,0.5233121250091207,"Big Horn County, MT",7,3.663184875063845
30003,WY2,390,48074.938384,100852.0268843,2,0.4766878749908794,"Big Horn County, MT",7,3.3368151249361557
30005,MT2,252,30640.860422,83672.6887,2,0.36619906564565796,"Blaine County, MT",4,1.4647962625826318
30005,MT4,420,53031.828278,83672.6887,2,0.6338009343543421,"Blaine County, MT",4,2.5352037374173686
30007,ID3,15,1406.240276,14748.138339000001,2,0.09535035837583215,"Broadwater County, MT",1,0.09535035837583215
30007,MT2,137,13341.898063,14748.138339000001,2,0.9046496416241678,"Broadwater County, MT",1,0.9046496416241678
30009,MT3,258,28389.866115,28389.866115,1,1.0,"Carbon County, MT",2,2.0
30011,SD1,74,10110.56532,32804.974974,2,0.3082021957954017,"Carter County, MT",1,0.3082021957954017
30011,WY3,164,22694.409654,32804.974974,2,0.6917978042045984,"Carter County, MT",1,0.6917978042045984
30013,MT2,391,42440.553314,42440.553314,1,1.0,"Cascade County, MT",2,2.0
30015,MT2,656,82403.219462,82403.219462,1,1.0,"Chouteau County, MT",6,6.0
30019,MT4,249,32136.051527,32136.051527,1,1.0,"Daniels County, MT",1,1.0
30021,MT4,62,8672.84042,8672.84042,1,1.0,"Dawson County, MT",1,1.0
30023,ID3,13,1190.638169,4198.938898,3,0.2835569170980587,"Deer Lodge County, MT",1,0.2835569170980587
30023,MT1,42,2853.005239,4198.938898,3,0.6794586223578812,"Deer Lodge County, MT",1,0.6794586223578812
30023,MT2,1,155.29549,4198.938898,3,0.03698446054406005,"Deer Lodge County, MT",1,0.03698446054406005
30027,MT2,406,47679.584787,83566.519854,2,0.5705584589414701,"Fergus County, MT",3,1.7116753768244102
30027,MT3,280,35886.935067,83566.519854,2,0.42944154105852994,"Fergus County, MT",3,1.2883246231755898
30029,MT1,208,11680.4801707,11680.4801707,1,1.0,"Flathead County, MT",1,1.0
30031,ID3,88,7389.814478,18545.891534399998,3,0.3984609995315104,"Gallatin County, MT",2,0.7969219990630207
30031,MT2,26,2641.767935,18545.891534399998,3,0.14244491455694622,"Gallatin County, MT",2,0.28488982911389243
30031,MT3,109,8514.3091214,18545.891534399998,3,0.4590940859115435,"Gallatin County, MT",2,0.918188171823087
30033,MT3,45,5727.643681,13455.435789,2,0.4256750781481508,"Garfield County, MT",1,0.4256750781481508
30033,MT4,72,7727.792108,13455.435789,2,0.5743249218518492,"Garfield County, MT",1,0.5743249218518492
30035,MT2,414,51347.7780409,51347.7780409,1,1.0,"Glacier County, MT",2,2.0
30037,MT3,189,23457.761806,23457.761806,1,1.0,"Golden Valley County, MT",1,1.0
30039,MT1,100,8225.967572,8225.967572,1,1.0,"Granite County, MT",1,1.0
30041,MT2,487,62072.9313317,62072.9313317,1,1.0,"Hill County, MT",2,2.0
30043,ID3,34,3678.47873,13190.9260935,4,0.27886432718417076,"Jefferson County, MT",1,0.27886432718417076
30043,MT1,43,3683.7606555,13190.9260935,4,0.27926474831173687,"Jefferson County, MT",1,0.27926474831173687
30043,MT2,62,5002.748965,13190.9260935,4,0.3792568413725833,"Jefferson County, MT",1,0.3792568413725833
30043,MT3,11,825.937743,13190.9260935,4,0.06261408313150897,"Jefferson County, MT",1,0.06261408313150897
30045,MT2,247,29025.8729533,29428.8103873,2,0.9863080624497861,"Judith Basin County, MT",2,1.9726161248995722
30045,MT3,4,402.93743400000005,29428.8103873,2,0.013691937550213978,"Judith Basin County, MT",2,0.027383875100427956
30047,MT1,165,11102.4936311,11102.4936311,1,1.0,"Lake County, MT",1,1.0
30049,MT1,10,455.000706,23802.442651499998,2,0.01911571483069308,"Lewis and Clark County, MT",2,0.03823142966138616
30049,MT2,245,23347.4419455,23802.442651499998,2,0.9808842851693069,"Lewis and Clark County, MT",2,1.9617685703386138
30051,MT2,241,31742.116193,31742.116193,1,1.0,"Liberty County, MT",1,1.0
30053,ID2,25,1083.6913076,7338.1749886,3,0.14767858619936647,"Lincoln County, MT",1,0.14767858619936647
30053,MT1,95,5586.897196,7338.1749886,3,0.7613469567950281,"Lincoln County, MT",1,0.7613469567950281
30053,WA4,19,667.586485,7338.1749886,3,0.09097445700560547,"Lincoln County, MT",1,0.09097445700560547
30055,MT4,322,42186.125964,42186.125964,1,1.0,"McCone County, MT",1,1.0
30057,ID3,240,24473.300012,33427.135951000004,3,0.7321387045505422,"Madison County, MT",3,2.1964161136516265
30057,MT1,25,2111.62783,33427.135951000004,3,0.06317106655788225,"Madison County, MT",3,0.18951319967364677
30057,MT2,75,6842.208109,33427.135951000004,3,0.20469022889157543,"Madison County, MT",3,0.6140706866747263
30059,MT2,211,22689.370957,30807.191606,2,0.736495921055687,"Meagher County, MT",2,1.472991842111374
30059,MT3,75,8117.820649,30807.191606,2,0.263504078944313,"Meagher County, MT",2,0.527008157888626
30061,ID2,4,95.109164,765.3170299999999,2,0.1242742030711116,"Mineral County, MT",1,0.1242742030711116
30061,MT1,19,670.207866,765.3170299999999,2,0.8757257969288884,"Mineral County, MT",1,0.8757257969288884
30063,MT1,126,6697.4498127,6697.4498127,1,1.0,"Missoula County, MT",1,1.0
30065,MT3,304,40646.1684,40646.1684,1,1.0,"Musselshell County, MT",1,1.0
30067,MT2,2,269.30809999999997,21325.760378,2,0.012628300010245945,"Park County, MT",2,0.02525660002049189
30067,MT3,211,21056.452278,21325.760378,2,0.9873716999897542,"Park County, MT",2,1.9747433999795083
30069,MT3,262,35112.101331,35112.101331,1,1.0,"Petroleum County, MT",1,1.0
30071,MT3,2,51.75,80695.518857,2,0.0006412995508673268,"Phillips County, MT",3,0.0019238986526019805
30071,MT4,685,80643.768857,80695.518857,2,0.9993587004491327,"Phillips County, MT",3,2.998076101347398
30073,MT2,249,31210.539418,31210.539418,1,1.0,"Pondera County, MT",1,1.0
30075,WY2,44,5002.1541720000005,27502.344431999998,2,0.1818810096123954,"Powder River County, MT",1,0.1818810096123954
30075,WY3,170,22500.19026,27502.344431999998,2,0.8181189903876047,"Powder River County, MT",1,0.8181189903876047
30077,MT1,196,17500.102832,17500.102832,1,1.0,"Powell County, MT",1,1.0
30081,ID3,1,36.0,4109.9097095,2,0.008759316516561543,"Ravalli County, MT",1,0.008759316516561543
30081,MT1,89,4073.9097095,4109.9097095,2,0.9912406834834385,"Ravalli County, MT",1,0.9912406834834385
30083,MT4,230,31124.473034,31124.473034,1,1.0,"Richland County, MT",1,1.0
30085,MT4,343,41846.692864,41846.692864,1,1.0,"Roosevelt County, MT",1,1.0
30087,MT3,56,7806.61014,18853.106216,2,0.41407554015554165,"Rosebud County, MT",1,0.41407554015554165
30087,WY2,102,11046.496076,18853.106216,2,0.5859244598444583,"Rosebud County, MT",1,0.5859244598444583
30089,ID2,34,1777.6042185,10568.8967405,2,0.16819203197323543,"Sanders County, MT",1,0.16819203197323543
30089,MT1,111,8791.292522,10568.8967405,2,0.8318079680267645,"Sanders County, MT",1,0.8318079680267645
30091,MT4,297,34422.803251,34422.803251,1,1.0,"Sheridan County, MT",1,1.0
30093,ID3,21,1265.155526,5261.4925817,2,0.24045563238088333,"Silver Bow County, MT",1,0.24045563238088333
30093,MT1,55,3996.3370557,5261.4925817,2,0.7595443676191166,"Silver Bow County, MT",1,0.7595443676191166
30095,MT3,254,30362.1494649,30362.1494649,1,1.0,"Stillwater County, MT",1,1.0
30097,MT3,239,28182.4315335,28182.4315335,1,1.0,"Sweet Grass County, MT",1,1.0
30099,MT2,322,37329.491627,37329.491627,1,1.0,"Teton County, MT",2,2.0
30101,MT2,338,41247.972575,41247.972575,1,1.0,"Toole County, MT",2,2.0
30103,MT3,85,10741.302004,10741.302004,1,1.0,"Treasure County, MT",1,1.0
30105,MT4,802,99970.803138,99970.803138,1,1.0,"Valley County, MT",3,3.0
30107,MT3,224,28637.627781,28637.627781,1,1.0,"Wheatland County, MT",1,1.0
30111,MT3,446,52604.3986178,52604.3986178,1,1.0,"Yellowstone County, MT",2,2.0
32001,NV1,584,56256.4683785,56256.4683785,1,1.0,"Churchill County, NV",4,4.0
32003,AZ1,14,1111.05241,39302.362615599995,3,0.028269354208212364,"Clark County, NV",3,0.0848080626246371
32003,NV1,3,195.95631,39302.362615599995,3,0.004985865911333802,"Clark County, NV",3,0.014957597734001404
32003,NV2,469,37995.3538956,39302.362615599995,3,0.9667447798804539,"Clark County, NV",3,2.900234339641362
32005,NV1,79,5556.7695063,5556.7695063,1,1.0,"Douglas County, NV",1,1.0
32007,ID1,1464,131287.1025187,199916.98538240002,4,0.656708094450178,"Elko County, NV",21,13.790869983453737
32007,ID3,22,1696.484928,199916.98538240002,4,0.00848594692819609,"Elko County, NV",21,0.1782048854921179
32007,NV1,531,53319.6796067,199916.98538240002,4,0.2667091018039835,"Elko County, NV",21,5.600891137883654
32007,NV2,115,13613.718329,199916.98538240002,4,0.06809685681764238,"Elko County, NV",21,1.43003399317049
32009,NV1,22,2771.047923,60489.928551,2,0.04581007102138807,"Esmeralda County, NV",4,0.1832402840855523
32009,NV2,497,57718.880628,60489.928551,2,0.954189928978612,"Esmeralda County, NV",4,3.816759715914448
32011,NV1,557,55815.470129,55815.470129,1,1.0,"Eureka County, NV",3,3.0
32013,ID1,581,64540.9955082,121475.8311392,3,0.5313072971218614,"Humboldt County, NV",14,7.43830215970606
32013,NV1,515,56842.585631,121475.8311392,3,0.4679332925564731,"Humboldt County, NV",14,6.551066095790623
32013,OR2,2,92.25,121475.8311392,3,0.0007594103216654684,"Humboldt County, NV",14,0.010631744503316557
32015,NV1,646,63751.896562,63751.896562,1,1.0,"Lander County, NV",3,3.0
32017,NV2,1067,115192.840058,123844.946653,2,0.9301375887443978,"Lincoln County, NV",14,13.02192624242157
32017,UT1,84,8652.106595,123844.946653,2,0.06986241125560218,"Lincoln County, NV",14,0.9780737575784305
32019,NV1,258,21147.3903908,21147.3903908,1,1.0,"Lyon County, NV",1,1.0
32021,NV1,355,37481.941439,44608.319223,2,0.8402455436983681,"Mineral County, NV",3,2.5207366310951045
32021,NV2,64,7126.377784,44608.319223,2,0.1597544563016319,"Mineral County, NV",3,0.47926336890489574
32023,NV1,726,73454.564316,189144.519183,2,0.38835153475915246,"Nye County, NV",42,16.310764459884403
32023,NV2,1115,115689.954867,189144.519183,2,0.6116484652408475,"Nye County, NV",42,25.689235540115593
32027,ID1,71,8095.760485,94765.67583400001,2,0.08542924865730135,"Pershing County, NV",7,0.5980047406011094
32027,NV1,789,86669.915349,94765.67583400001,2,0.9145707513426986,"Pershing County, NV",7,6.40199525939889
32029,NV1,40,2916.803766,2916.803766,1,1.0,"Storey County, NV",1,1.0
32031,NV1,612,55438.4467266,57542.3734506,2,0.9634369144365201,"Washoe County, NV",7,6.744058401055641
32031,OR2,23,2103.926724,57542.3734506,2,0.03656308556347987,"Washoe County, NV",7,0.2559415989443591
32033,ID1,1,60.74699,103733.642789,4,0.0005856054831079513,"White Pine County, NV",10,0.005856054831079514
32033,NV1,402,43776.220588,103733.642789,4,0.42200600895741475,"White Pine County, NV",10,4.220060089574147
32033,NV2,586,59609.565041,103733.642789,4,0.574640622254529,"White Pine County, NV",10,5.746406222545291
32033,UT1,2,287.11017000000004,103733.642789,4,0.0027677633049482133,"White Pine County, NV",10,0.027677633049482134
32510,NV1,14,955.2177776,955.2177776,1,1.0,"Carson City, NV",1,1.0
35001,NM1,136,13612.982261,13612.982261,1,1.0,"Bernalillo County, NM",1,1.0
35003,AZ3,237,29174.485793,58180.159928,3,0.5014507665345791,"Catron County, NM",2,1.0029015330691582
35003,AZ4,10,290.224577,58180.159928,3,0.004988377092107742,"Catron County, NM",2,0.009976754184215484
35003,NM1,252,28715.449558,58180.159928,3,0.4935608563733132,"Catron County, NM",2,0.9871217127466264
35006,AZ3,318,36591.2441268,71452.0632258,2,0.5121089927265752,"Cibola County, NM",3,1.5363269781797255
35006,NM1,319,34860.819099,71452.0632258,2,0.4878910072734249,"Cibola County, NM",3,1.4636730218202747
35007,CO2,484,54827.416354,58593.635703,2,0.9357230643940538,"Colfax County, NM",3,2.8071691931821614
35007,NM1,41,3766.219349,58593.635703,2,0.06427693560594618,"Colfax County, NM",3,0.19283080681783854
35013,NM1,21,753.3108173,753.3108173,1,1.0,"Dona Ana County, NM",1,1.0
35017,AZ4,52,4256.781031,4283.1863435000005,2,0.9938351240449598,"Grant County, NM",1,0.9938351240449598
35017,NM1,2,26.4053125,4283.1863435000005,2,0.0061648759550402684,"Grant County, NM",1,0.0061648759550402684
35019,NM1,135,18822.41447,18822.41447,1,1.0,"Guadalupe County, NM",1,1.0
35021,CO2,168,19832.895418,19832.895418,1,1.0,"Harding County, NM",1,1.0
35023,AZ4,330,31160.039714,31160.039714,1,1.0,"Hidalgo County, NM",1,1.0
35027,NM1,20,2481.402531,2481.402531,1,1.0,"Lincoln County, NM",1,1.0
35028,NM1,9,283.26699,283.26699,1,1.0,"Los Alamos County, NM",1,1.0
35029,AZ4,5,521.749386,600.5716585,2,0.8687545917553483,"Luna County, NM",1,0.8687545917553483
35029,NM1,3,78.8222725,600.5716585,2,0.1312454082446516,"Luna County, NM",1,0.1312454082446516
35031,AZ3,801,93524.950324,103642.365174,2,0.9023814746699925,"McKinley County, NM",4,3.60952589867997
35031,NM1,87,10117.41485,103642.365174,2,0.09761852533000742,"McKinley County, NM",4,0.3904741013200297
35033,CO2,84,10033.920206,34588.536402,2,0.2900938070747571,"Mora County, NM",1,0.2900938070747571
35033,NM1,212,24554.616196,34588.536402,2,0.7099061929252429,"Mora County, NM",1,0.7099061929252429
35039,AZ3,58,4986.034797,52828.9184688,3,0.09438078502297337,"Rio Arriba County, NM",3,0.2831423550689201
35039,CO2,3,72.00000399999999,52828.9184688,3,0.0013628899869021955,"Rio Arriba County, NM",3,0.004088669960706587
35039,NM1,509,47770.8836678,52828.9184688,3,0.9042563249901244,"Rio Arriba County, NM",3,2.7127689749703734
35043,AZ3,19,2333.18152,53543.4317942,2,0.043575494543716155,"Sandoval County, NM",3,0.13072648363114847
35043,NM1,472,51210.2502742,53543.4317942,2,0.9564245054562839,"Sandoval County, NM",3,2.8692735163688514
35045,AZ3,870,94140.0307969,94386.4263079,2,0.9973895027003542,"San Juan County, NM",4,3.989558010801417
35045,NM1,5,246.395511,94386.4263079,2,0.0026104972996459034,"San Juan County, NM",4,0.010441989198583614
35047,CO2,47,4884.504301,61245.6079061,2,0.07975272787705498,"San Miguel County, NM",3,0.23925818363116494
35047,NM1,500,56361.1036051,61245.6079061,2,0.920247272122945,"San Miguel County, NM",3,2.760741816368835
35049,NM1,258,22846.1034814,22846.1034814,1,1.0,"Santa Fe County, NM",1,1.0
35051,NM1,7,291.822482,291.822482,1,1.0,"Sierra County, NM",1,1.0
35053,NM1,465,49749.4705103,49749.4705103,1,1.0,"Socorro County, NM",3,3.0
35055,CO2,42,3698.69961,10475.2195672,2,0.3530904136445374,"Taos County, NM",1,0.3530904136445374
35055,NM1,112,6776.5199572,10475.2195672,2,0.6469095863554626,"Taos County, NM",1,0.6469095863554626
35057,NM1,490,60497.7823187,60497.7823187,1,1.0,"Torrance County, NM",2,2.0
35059,CO2,52,7081.525894,7081.525894,1,1.0,"Union County, NM",1,1.0
35061,NM1,174,18498.4763387,18498.4763387,1,1.0,"Valencia County, NM",1,1.0
41001,OR3,320,27691.511247,27691.511247,1,1.0,"Baker County, OR",2,2.0
41003,OR1,80,4482.0490109,4482.0490109,1,1.0,"Benton County, OR",1,1.0
41005,OR1,140,5838.9367155,5838.9367155,1,1.0,"Clackamas County, OR",1,1.0
41007,OR1,112,9154.915588,9154.915588,1,1.0,"Clatsop County, OR",1,1.0
41009,OR1,98,7505.7557588,8076.7232398,2,0.9293070389998731,"Columbia County, OR",1,0.9293070389998731
41009,WA2,10,570.967481,8076.7232398,2,0.07069296100012691,"Columbia County, OR",1,0.07069296100012691
41011,OR2,94,4619.7315978,4619.7315978,1,1.0,"Coos County, OR",1,1.0
41013,OR2,115,13442.245053,39046.130877,2,0.34426573775887515,"Crook County, OR",2,0.6885314755177503
41013,WA2,264,25603.885824,39046.130877,2,0.6557342622411249,"Crook County, OR",2,1.3114685244822497
41015,OR1,17,534.1910949,892.0146729,2,0.5988590895745118,"Curry County, OR",1,0.5988590895745118
41015,OR2,9,357.823578,892.0146729,2,0.4011409104254881,"Curry County, OR",1,0.4011409104254881
41017,OR1,11,564.4735165,24570.5562799,3,0.02297357495978912,"Deschutes County, OR",2,0.04594714991957824
41017,OR2,140,15980.2055833,24570.5562799,3,0.650380292625798,"Deschutes County, OR",2,1.300760585251596
41017,WA2,121,8025.8771801,24570.5562799,3,0.3266461324144129,"Deschutes County, OR",2,0.6532922648288259
41019,OR1,31,1275.536317,10605.1508556,2,0.12027516952542537,"Douglas County, OR",1,0.12027516952542537
41019,OR2,215,9329.6145386,10605.1508556,2,0.8797248304745746,"Douglas County, OR",1,0.8797248304745746
41021,WA2,165,16174.360196,20603.627022,2,0.7850248977390948,"Gilliam County, OR",1,0.7850248977390948
41021,WA3,42,4429.266826,20603.627022,2,0.21497510226090522,"Gilliam County, OR",1,0.21497510226090522
41023,ID1,1,43.118645,28267.366426,5,0.0015253859998906713,"Grant County, OR",2,0.0030507719997813426
41023,OR2,13,950.004657,28267.366426,5,0.03360782333532835,"Grant County, OR",2,0.0672156466706567
41023,OR3,135,10639.512125,28267.366426,5,0.37638851687343244,"Grant County, OR",2,0.7527770337468649
41023,WA2,55,3337.025902,28267.366426,5,0.11805223916900308,"Grant County, OR",2,0.23610447833800616
41023,WA3,161,13297.705097,28267.366426,5,0.4704260346223454,"Grant County, OR",2,0.9408520692446908
41025,ID1,302,37213.503584,144617.168678,4,0.25732424389291153,"Harney County, OR",16,4.1171879022865845
41025,NV1,375,41861.465873,144617.168678,4,0.2894640121617055,"Harney County, OR",16,4.631424194587288
41025,OR2,42,5362.4032879999995,144617.168678,4,0.03707999082695193,"Harney County, OR",16,0.5932798532312309
41025,OR3,560,60179.795933,144617.168678,4,0.41613175311843115,"Harney County, OR",16,6.658108049894898
41027,OR1,32,1376.7958776,1376.7958776,1,1.0,"Hood River County, OR",1,1.0
41029,CA1,1,130.16634,14301.047779,2,0.009101874352950512,"Jackson County, OR",2,0.018203748705901024
41029,OR2,227,14170.881439,14301.047779,2,0.9908981256470495,"Jackson County, OR",2,1.981796251294099
41031,OR1,62,5313.328087,19925.036589299998,2,0.2666659136703079,"Jefferson County, OR",1,0.2666659136703079
41031,WA2,179,14611.7085023,19925.036589299998,2,0.7333340863296922,"Jefferson County, OR",1,0.7333340863296922
41033,OR2,90,2129.1984664,2129.1984664,1,1.0,"Josephine County, OR",1,1.0
41035,CA1,334,28918.4339976,49096.3401676,2,0.5890140466454576,"Klamath County, OR",4,2.3560561865818306
41035,OR2,226,20177.90617,49096.3401676,2,0.41098595335454235,"Klamath County, OR",4,1.6439438134181694
41037,CA1,23,1548.146337,105923.391243,4,0.014615717254070732,"Lake County, OR",7,0.10231002077849512
41037,ID1,47,6292.41011,105923.391243,4,0.05940529316668604,"Lake County, OR",7,0.4158370521668023
41037,NV1,114,11243.256393,105923.391243,4,0.10614517021275048,"Lake County, OR",7,0.7430161914892534
41037,OR2,823,86839.578403,105923.391243,4,0.8198338193664928,"Lake County, OR",7,5.7388367355654495
41039,OR1,228,13458.3645432,14614.7145482,2,0.920877687950298,"Lane County, OR",2,1.841755375900596
41039,OR2,16,1156.350005,14614.7145482,2,0.079122312049702,"Lane County, OR",2,0.158244624099404
41041,OR1,64,2740.7814068,2740.7814068,1,1.0,"Lincoln County, OR",1,1.0
41043,OR1,204,12261.7696047,12261.7696047,1,1.0,"Linn County, OR",1,1.0
41045,ID1,424,48482.893119,155530.33516999998,3,0.3117262819886972,"Malheur County, OR",29,9.040062177672217
41045,NV1,200,23974.913982,155530.33516999998,3,0.1541494394376158,"Malheur County, OR",29,4.470333743690858
41045,OR3,779,83072.52806899999,155530.33516999998,3,0.5341242785736872,"Malheur County, OR",29,15.489604078636928
41047,OR1,149,7686.241057,7686.241057,1,1.0,"Marion County, OR",1,1.0
41049,WA2,231,23954.031247,31601.173887999998,2,0.7580108046586247,"Morrow County, OR",2,1.5160216093172494
41049,WA3,67,7647.142641,31601.173887999998,2,0.2419891953413753,"Morrow County, OR",2,0.4839783906827506
41051,OR1,27,1097.9321751,1097.9321751,1,1.0,"Multnomah County, OR",1,1.0
41053,OR1,105,5301.3961776,5301.3961776,1,1.0,"Polk County, OR",1,1.0
41055,WA2,132,14816.326486,14816.326486,1,1.0,"Sherman County, OR",1,1.0
41057,OR1,61,2908.952525,2908.952525,1,1.0,"Tillamook County, OR",1,1.0
41059,OR1,6,253.878694,43270.9796867,4,0.0058671815576672405,"Umatilla County, OR",3,0.01760154467300172
41059,OR3,21,1496.1901149999999,43270.9796867,4,0.034577218399792255,"Umatilla County, OR",3,0.10373165519937677
41059,WA2,401,40973.3560257,43270.9796867,4,0.9469015104895763,"Umatilla County, OR",3,2.8407045314687287
41059,WA3,8,547.554852,43270.9796867,4,0.012654089552964279,"Umatilla County, OR",3,0.037962268658892837
41061,OR1,2,86.16827599999999,17675.812897,4,0.004874925781468573,"Union County, OR",1,0.004874925781468573
41061,OR3,183,16070.437329,17675.812897,4,0.9091767050627432,"Union County, OR",1,0.9091767050627432
41061,WA2,1,20.25,17675.812897,4,0.0011456333079559186,"Union County, OR",1,0.0011456333079559186
41061,WA3,17,1498.957292,17675.812897,4,0.08480273584783239,"Union County, OR",1,0.08480273584783239
41063,ID2,7,662.191882,18760.3844222,4,0.035297351434675224,"Wallowa County, OR",2,0.07059470286935045
41063,OR3,32,2994.421649,18760.3844222,4,0.15961408794249263,"Wallowa County, OR",2,0.31922817588498525
41063,WA2,15,1203.936565,18760.3844222,4,0.06417440804546244,"Wallowa County, OR",2,0.12834881609092488
41063,WA3,155,13899.8343262,18760.3844222,4,0.7409141525773696,"Wallowa County, OR",2,1.4818283051547392
41065,OR1,62,5983.894157,35180.0482617,2,0.17009340386592298,"Wasco County, OR",2,0.34018680773184595
41065,WA2,295,29196.1541047,35180.0482617,2,0.8299065961340769,"Wasco County, OR",2,1.6598131922681538
41067,OR1,92,5510.4995004,5510.4995004,1,1.0,"Washington County, OR",1,1.0
41069,WA2,209,16034.198313,18657.572092000002,2,0.8593936142353242,"Wheeler County, OR",1,0.8593936142353242
41069,WA3,35,2623.373779,18657.572092000002,2,0.1406063857646757,"Wheeler County, OR",1,0.1406063857646757
41071,OR1,114,5993.5145154,5993.5145154,1,1.0,"Yamhill County, OR",1,1.0
46007,SD1,172,23511.092307,23511.092307,1,1.0,"Bennett County, SD",1,1.0
46019,SD1,380,47736.380447999996,47736.380447999996,1,1.0,"Butte County, SD",2,2.0
46033,SD1,165,14410.3399873,15052.6990363,2,0.9573259886847578,"Custer County, SD",1,0.9573259886847578
46033,WY3,8,642.3590489999999,15052.6990363,2,0.04267401131524209,"Custer County, SD",1,0.04267401131524209
46041,SD1,79,10292.870365,10292.870365,1,1.0,"Dewey County, SD",1,1.0
46047,SD1,260,23625.9050237,23625.9050237,1,1.0,"Fall River County, SD",1,1.0
46055,SD1,300,40458.746492,40458.746492,1,1.0,"Haakon County, SD",1,1.0
46063,SD1,348,46639.844879,51553.388246999995,2,0.9046901952504367,"Harding County, SD",2,1.8093803905008734
46063,WY3,36,4913.543368,51553.388246999995,2,0.09530980474956327,"Harding County, SD",2,0.19061960949912654
46065,SD1,5,574.616798,574.616798,1,1.0,"Hughes County, SD",1,1.0
46071,SD1,307,37141.544991,37141.544991,1,1.0,"Jackson County, SD",1,1.0
46075,SD1,171,20539.048826,20539.048826,1,1.0,"Jones County, SD",1,1.0
46081,SD1,58,4255.128352,4294.727148999999,2,0.9907796710649662,"Lawrence County, SD",1,0.9907796710649662
46081,WY3,1,39.598797,4294.727148999999,2,0.00922032893503382,"Lawrence County, SD",1,0.00922032893503382
46085,SD1,13,1157.350355,1157.350355,1,1.0,"Lyman County, SD",1,1.0
46093,SD1,558,75272.984367,75272.984367,1,1.0,"Meade County, SD",3,3.0
46095,SD1,173,23953.949728,23953.949728,1,1.0,"Mellette County, SD",1,1.0
46102,SD1,328,41784.337698,41784.337698,1,1.0,"Oglala Lakota County, SD",2,2.0
46103,SD1,322,31099.3167772,31171.316779200002,2,0.9976901841359476,"Pennington County, SD",1,0.9976901841359476
46103,WY3,3,72.000002,31171.316779200002,2,0.0023098158640524344,"Pennington County, SD",1,0.0023098158640524344
46105,SD1,320,43938.862259,43938.862259,1,1.0,"Perkins County, SD",2,2.0
46107,SD1,79,9781.704533,9781.704533,1,1.0,"Potter County, SD",1,1.0
46117,SD1,206,26365.091457,26365.091457,1,1.0,"Stanley County, SD",1,1.0
46119,SD1,10,1388.31756,1388.31756,1,1.0,"Sully County, SD",1,1.0
46121,SD1,148,20036.799955,20036.799955,1,1.0,"Todd County, SD",1,1.0
46137,SD1,278,37731.111769,37731.111769,1,1.0,"Ziebach County, SD",2,2.0
49001,NV2,243,26491.233203,40146.832215,2,0.6598586175150856,"Beaver County, UT",3,1.9795758525452567
49001,UT1,126,13655.599012,40146.832215,2,0.34014138248491443,"Beaver County, UT",3,1.0204241474547433
49003,ID1,73,4669.389054,55332.9520627,3,0.08438713063255557,"Box Elder County, UT",4,0.3375485225302223
49003,ID3,372,37193.463172,55332.9520627,3,0.6721756527621116,"Box Elder County, UT",4,2.688702611048446
49003,UT1,182,13470.0998367,55332.9520627,3,0.24343721660533285,"Box Elder County, UT",4,0.9737488664213314
49005,ID3,21,1201.0689565,6148.546953100001,3,0.19534191828761102,"Cache County, UT",1,0.19534191828761102
49005,UT1,81,4634.1927856,6148.546953100001,3,0.7537053585097065,"Cache County, UT",1,0.7537053585097065
49005,WY1,8,313.285211,6148.546953100001,3,0.05095272320268231,"Cache County, UT",1,0.05095272320268231
49007,UT1,110,7360.18742,9458.619632,2,0.7781460410036288,"Carbon County, UT",1,0.7781460410036288
49007,WY1,29,2098.432212,9458.619632,2,0.22185395899637125,"Carbon County, UT",1,0.22185395899637125
49009,WY1,32,1962.882484,1962.882484,1,1.0,"Daggett County, UT",1,1.0
49011,UT1,1,13.5,13.5,1,1.0,"Davis County, UT",1,1.0
49013,UT1,8,454.477261,28528.274902,2,0.015930765619765478,"Duchesne County, UT",2,0.031861531239530956
49013,WY1,287,28073.797641,28528.274902,2,0.9840692343802345,"Duchesne County, UT",2,1.968138468760469
49015,UT1,211,13093.671732,21266.500976,3,0.6156946902913965,"Emery County, UT",1,0.6156946902913965
49015,UT2,2,36.0,21266.500976,3,0.0016928031574459418,"Emery County, UT",1,0.0016928031574459418
49015,WY1,192,8136.829244,21266.500976,3,0.38261250655115764,"Emery County, UT",1,0.38261250655115764
49017,AZ2,25,1115.746772,13101.195113,4,0.08516373982499287,"Garfield County, UT",2,0.17032747964998574
49017,NV2,60,3562.607095,13101.195113,4,0.27192993190864784,"Garfield County, UT",2,0.5438598638172957
49017,UT1,127,8125.362535,13101.195113,4,0.6202001012058357,"Garfield County, UT",2,1.2404002024116714
49017,WY1,9,297.478711,13101.195113,4,0.02270622706052359,"Garfield County, UT",2,0.04541245412104718
49019,NM1,25,1556.7592815,14947.8566285,4,0.10414598695921658,"Grand County, UT",2,0.20829197391843315
49019,UT1,45,1440.039474,14947.8566285,4,0.09633752248160987,"Grand County, UT",2,0.19267504496321974
49019,UT2,76,5254.17716,14947.8566285,4,0.3515003716306885,"Grand County, UT",2,0.703000743261377
49019,WY1,133,6696.880713,14947.8566285,4,0.4480161189284851,"Grand County, UT",2,0.8960322378569702
49021,NV2,193,15241.997179,43276.0807736,2,0.3522037325593074,"Iron County, UT",3,1.0566111976779222
49021,UT1,250,28034.0835946,43276.0807736,2,0.6477962674406926,"Iron County, UT",3,1.9433888023220778
49023,NV2,104,12187.423437,45215.861830999995,2,0.2695386738961658,"Juab County, UT",7,1.8867707172731607
49023,UT1,358,33028.438394,45215.861830999995,2,0.7304613261038342,"Juab County, UT",7,5.11322928272684
49025,AZ2,31,2231.83543,10189.458426000001,2,0.21903376378720207,"Kane County, UT",1,0.21903376378720207
49025,NV2,123,7957.622996,10189.458426000001,2,0.7809662362127978,"Kane County, UT",1,0.7809662362127978
49027,NV2,241,29987.677236,110233.614483,3,0.27203750304880586,"Millard County, UT",13,3.5364875396344764
49027,UT1,677,75488.819641,110233.614483,3,0.6848076241992567,"Millard County, UT",13,8.902499114590336
49027,UT2,48,4757.117606,110233.614483,3,0.0431548727519375,"Millard County, UT",13,0.5610133457751876
49029,UT1,30,2123.391676,2896.248324,2,0.7331524919339064,"Morgan County, UT",1,0.7331524919339064
49029,UT2,8,772.856648,2896.248324,2,0.26684750806609353,"Morgan County, UT",1,0.26684750806609353
49031,NV2,32,1966.588238,4530.916292,2,0.43403764520485655,"Piute County, UT",1,0.43403764520485655
49031,UT1,38,2564.328054,4530.916292,2,0.5659623547951436,"Piute County, UT",1,0.5659623547951436
49033,ID3,7,341.723855,12392.566063,4,0.02757490686454935,"Rich County, UT",1,0.02757490686454935
49033,UT1,53,5224.996791,12392.566063,4,0.4216234768842644,"Rich County, UT",1,0.4216234768842644
49033,UT2,43,2848.260981,12392.566063,4,0.22983625558422008,"Rich County, UT",1,0.22983625558422008
49033,WY1,47,3977.584436,12392.566063,4,0.3209653606669662,"Rich County, UT",1,0.3209653606669662
49035,UT1,23,830.246944,917.996944,2,0.9044114464938785,"Salt Lake County, UT",1,0.9044114464938785
49035,UT2,2,87.75,917.996944,2,0.09558855350612147,"Salt Lake County, UT",1,0.09558855350612147
49037,AZ1,2,213.09223,62711.172181400005,6,0.0033979946887869317,"San Juan County, UT",9,0.030581952199082385
49037,AZ2,95,3011.302424,62711.172181400005,6,0.04801859571831039,"San Juan County, UT",9,0.4321673614647935
49037,AZ3,416,40476.0169664,62711.172181400005,6,0.6454355030921444,"San Juan County, UT",9,5.8089195278293
49037,NM1,240,18790.714174,62711.172181400005,6,0.2996390199763047,"San Juan County, UT",9,2.6967511797867423
49037,UT1,4,150.296385,62711.172181400005,6,0.002396644485694649,"San Juan County, UT",9,0.02156980037125184
49037,WY1,3,69.750002,62711.172181400005,6,0.0011122420387588879,"San Juan County, UT",9,0.01001017834882999
49039,UT1,158,10933.6418575,10933.6418575,1,1.0,"Sanpete County, UT",1,1.0
49041,NV2,1,126.447586,9777.418178,2,0.012932615103291535,"Sevier County, UT",1,0.012932615103291535
49041,UT1,151,9650.970592,9777.418178,2,0.9870673848967084,"Sevier County, UT",1,0.9870673848967084
49043,UT1,7,507.59635299999997,9743.481718,3,0.0520959927560876,"Summit County, UT",1,0.0520959927560876
49043,UT2,115,8434.762259,9743.481718,3,0.8656825663682125,"Summit County, UT",1,0.8656825663682125
49043,WY1,9,801.123106,9743.481718,3,0.08222144087569992,"Summit County, UT",1,0.08222144087569992
49045,ID1,37,2905.796711,41053.5064399,3,0.07078071918787063,"Tooele County, UT",5,0.35390359593935317
49045,NV2,70,6266.971363,41053.5064399,3,0.15265374157928482,"Tooele County, UT",5,0.7632687078964241
49045,UT1,382,31880.7383659,41053.5064399,3,0.7765655392328447,"Tooele County, UT",5,3.8828276961642234
49047,UT1,2,179.61462,37157.819290499996,3,0.0048338310328647684,"Uintah County, UT",3,0.014501493098594305
49047,UT2,47,2649.3427245,37157.819290499996,3,0.07129973650464863,"Uintah County, UT",3,0.2138992095139459
49047,WY1,478,34328.861946,37157.819290499996,3,0.9238664324624867,"Uintah County, UT",3,2.77159929738746
49049,UT1,144,10021.1596395,10021.1596395,1,1.0,"Utah County, UT",1,1.0
49051,UT1,4,162.433879,3097.6451333,3,0.05243785908651036,"Wasatch County, UT",1,0.05243785908651036
49051,UT2,34,1741.5663433,3097.6451333,3,0.5622226783106898,"Wasatch County, UT",1,0.5622226783106898
49051,WY1,20,1193.644911,3097.6451333,3,0.3853394626027998,"Wasatch County, UT",1,0.3853394626027998
49053,NV2,126,5884.0236841,7126.0515772,2,0.8257060197158966,"Washington County, UT",1,0.8257060197158966
49053,UT1,28,1242.0278931,7126.0515772,2,0.1742939802841033,"Washington County, UT",1,0.1742939802841033
49055,UT1,114,7404.401079,13998.009385000001,2,0.5289610026218738,"Wayne County, UT",2,1.0579220052437477
49055,WY1,109,6593.608306,13998.009385000001,2,0.4710389973781261,"Wayne County, UT",2,0.9420779947562522
49057,UT1,30,1199.6369138,1401.8654708,2,0.8557432498251102,"Weber County, UT",1,0.8557432498251102
49057,UT2,3,202.228557,1401.8654708,2,0.1442567501748899,"Weber County, UT",1,0.1442567501748899
53001,WA2,45,4759.0416079999995,39969.673549,3,0.11906631166666273,"Adams County, WA",1,0.11906631166666273
53001,WA3,89,10839.032371,39969.673549,3,0.2711814085174379,"Adams County, WA",1,0.2711814085174379
53001,WA4,212,24371.59957,39969.673549,3,0.6097522798158993,"Adams County, WA",1,0.6097522798158993
53003,ID2,5,297.31780000000003,5133.662797999999,3,0.05791533485912451,"Asotin County, WA",1,0.05791533485912451
53003,WA3,59,4748.54415,5133.662797999999,3,0.9249817015348113,"Asotin County, WA",1,0.9249817015348113
53003,WA4,2,87.800848,5133.662797999999,3,0.01710296360606426,"Asotin County, WA",1,0.01710296360606426
53005,WA2,269,28237.4972452,29025.2603058,2,0.9728593972181334,"Benton County, WA",2,1.9457187944362668
53005,WA4,8,787.7630606,29025.2603058,2,0.027140602781866682,"Benton County, WA",2,0.054281205563733365
53007,WA3,44,1594.0431303,1594.0431303,1,1.0,"Chelan County, WA",1,1.0
53009,WA1,114,8966.8019145,9788.873481,2,0.9160197985911632,"Clallam County, WA",2,1.8320395971823265
53009,WA2,34,822.0715665,9788.873481,2,0.08398020140883665,"Clallam County, WA",2,0.1679604028176733
53011,OR1,88,2915.5793431,2915.5793431,1,1.0,"Clark County, WA",1,1.0
53013,WA2,18,1293.914688,9524.165033000001,2,0.1358559709451435,"Columbia County, WA",1,0.1358559709451435
53013,WA4,77,8230.250345,9524.165033000001,2,0.8641440290548564,"Columbia County, WA",1,0.8641440290548564
53015,OR1,58,3481.1802818,7642.6968219,3,0.4554910868405437,"Cowlitz County, WA",1,0.4554910868405437
53015,WA1,49,3659.0921281,7642.6968219,3,0.47876976064455967,"Cowlitz County, WA",1,0.47876976064455967
53015,WA2,15,502.424412,7642.6968219,3,0.06573915251489665,"Cowlitz County, WA",1,0.06573915251489665
53017,WA3,310,34694.0173561,34694.0173561,1,1.0,"Douglas County, WA",2,2.0
53019,WA3,43,2724.7731545,10379.3090386,2,0.262519705730578,"Ferry County, WA",1,0.262519705730578
53019,WA4,132,7654.5358841,10379.3090386,2,0.737480294269422,"Ferry County, WA",1,0.737480294269422
53021,WA2,184,20222.3632799,23880.4412469,2,0.846816985951846,"Franklin County, WA",1,0.846816985951846
53021,WA4,35,3658.077967,23880.4412469,2,0.15318301404815404,"Franklin County, WA",1,0.15318301404815404
53023,ID2,11,840.799166,9546.998789,3,0.08806947445816839,"Garfield County, WA",1,0.08806947445816839
53023,WA3,2,279.03112999999996,9546.998789,3,0.02922710436723823,"Garfield County, WA",1,0.02922710436723823
53023,WA4,78,8427.168493,9546.998789,3,0.8827034211745933,"Garfield County, WA",1,0.8827034211745933
53025,WA2,79,7458.9412206,48879.309697,2,0.1525991522146598,"Grant County, WA",2,0.3051983044293196
53025,WA3,392,41420.3684764,48879.309697,2,0.8474008477853402,"Grant County, WA",2,1.6948016955706804
53027,WA1,260,22374.6371145,23151.871212500002,2,0.9664288864227802,"Grays Harbor County, WA",2,1.9328577728455605
53027,WA2,12,777.234098,23151.871212500002,2,0.03357111357721967,"Grays Harbor County, WA",2,0.06714222715443934
53029,WA1,34,468.9421698,468.9421698,1,1.0,"Island County, WA",1,1.0
53031,WA1,112,8077.446456,8077.446456,1,1.0,"Jefferson County, WA",1,1.0
53033,WA1,84,2070.8777973,2070.8777973,1,1.0,"King County, WA",1,1.0
53035,WA1,42,1033.0453254,1033.0453254,1,1.0,"Kitsap County, WA",1,1.0
53037,WA2,123,6984.2898995,9181.233962499999,2,0.7607136391498966,"Kittitas County, WA",1,0.7607136391498966
53037,WA3,31,2196.944063,9181.233962499999,2,0.23928636085010346,"Kittitas County, WA",1,0.23928636085010346
53039,WA2,296,31213.570119,31213.570119,1,1.0,"Klickitat County, WA",3,3.0
53041,WA1,216,14522.0725451,15055.7139711,2,0.9645555549856789,"Lewis County, WA",1,0.9645555549856789
53041,WA2,10,533.641426,15055.7139711,2,0.035444445014321105,"Lewis County, WA",1,0.035444445014321105
53043,WA3,51,6323.624258,48367.921252,2,0.1307400461775793,"Lincoln County, WA",2,0.2614800923551586
53043,WA4,359,42044.296994,48367.921252,2,0.8692599538224206,"Lincoln County, WA",2,1.7385199076448412
53045,WA1,100,7104.9074743,7749.9085851,2,0.9167730685185008,"Mason County, WA",1,0.9167730685185008
53045,WA2,15,645.0011108,7749.9085851,2,0.08322693148149918,"Mason County, WA",1,0.08322693148149918
53047,WA3,426,35198.8740851,35198.8740851,1,1.0,"Okanogan County, WA",3,3.0
53049,OR1,21,1135.4266185000001,7860.859227500001,2,0.1444405230573123,"Pacific County, WA",1,0.1444405230573123
53049,WA1,88,6725.432609,7860.859227500001,2,0.8555594769426876,"Pacific County, WA",1,0.8555594769426876
53051,ID2,57,3370.06159,5896.961556,2,0.571491192200677,"Pend Oreille County, WA",1,0.571491192200677
53051,WA4,38,2526.899966,5896.961556,2,0.4285088077993229,"Pend Oreille County, WA",1,0.4285088077993229
53053,WA1,114,5129.8654284,5129.8654284,1,1.0,"Pierce County, WA",1,1.0
53055,WA1,9,298.58981600000004,298.58981600000004,1,1.0,"San Juan County, WA",1,1.0
53057,WA1,131,5249.0576315,5249.0576315,1,1.0,"Skagit County, WA",1,1.0
53059,OR1,29,1015.000236,1323.0355515,2,0.7671753301332205,"Skamania County, WA",1,0.7671753301332205
53059,WA2,7,308.0353155,1323.0355515,2,0.23282466986677947,"Skamania County, WA",1,0.23282466986677947
53061,WA1,134,5423.7704666,5423.7704666,1,1.0,"Snohomish County, WA",1,1.0
53063,ID2,9,556.85553,19356.3156704,2,0.028768673722941646,"Spokane County, WA",1,0.028768673722941646
53063,WA4,262,18799.4601404,19356.3156704,2,0.9712313262770583,"Spokane County, WA",1,0.9712313262770583
53065,ID2,6,422.7482,23893.935122100003,2,0.01769269891458738,"Stevens County, WA",2,0.03538539782917476
53065,WA4,311,23471.1869221,23893.935122100003,2,0.9823073010854125,"Stevens County, WA",2,1.964614602170825
53067,WA1,90,3674.8901076,3913.8831956000004,2,0.9389370923821444,"Thurston County, WA",1,0.9389370923821444
53067,WA2,3,238.993088,3913.8831956000004,2,0.06106290761785553,"Thurston County, WA",1,0.06106290761785553
53069,OR1,37,2766.505807,2766.505807,1,1.0,"Wahkiakum County, WA",1,1.0
53071,WA2,199,20988.6990767,23017.807792699998,2,0.9118461352065195,"Walla Walla County, WA",2,1.823692270413039
53071,WA4,18,2029.108716,23017.807792699998,2,0.08815386479348061,"Walla Walla County, WA",2,0.17630772958696123
53073,WA1,92,2452.3722289,2452.3722289,1,1.0,"Whatcom County, WA",1,1.0
53075,ID2,14,1665.562247,43509.594304,2,0.03828034422391474,"Whitman County, WA",2,0.07656068844782948
53075,WA4,365,41844.032057,43509.594304,2,0.9617196557760852,"Whitman County, WA",2,1.9234393115521704
53077,WA2,522,46359.8633643,46359.8633643,1,1.0,"Yakima County, WA",3,3.0
56001,WY3,15,1821.792256,66155.68172,2,0.027537956055091805,"Albany County, WY",3,0.08261386816527541
56001,WY4,594,64333.889464,66155.68172,2,0.9724620439449083,"Albany County, WY",3,2.917386131834725
56003,MT3,382,41181.9121423,45662.628514300006,2,0.901873446234117,"Big Horn County, WY",3,2.705620338702351
56003,WY2,50,4480.716372,45662.628514300006,2,0.09812655376588296,"Big Horn County, WY",3,0.29437966129764886
56005,WY2,2,239.11743,97010.003238,2,0.0024648739513322146,"Campbell County, WY",5,0.012324369756661072
56005,WY3,797,96770.885808,97010.003238,2,0.9975351260486678,"Campbell County, WY",5,4.987675630243339
56007,CO1,34,4415.9803329999995,137786.8099094,4,0.03204936913702895,"Carbon County, WY",12,0.3845924296443474
56007,WY1,619,75358.7673324,137786.8099094,4,0.5469229411868322,"Carbon County, WY",12,6.563075294241986
56007,WY3,189,23051.602984,137786.8099094,4,0.16729905423572325,"Carbon County, WY",12,2.007588650828679
56007,WY4,325,34960.45926,137786.8099094,4,0.25372863544041563,"Carbon County, WY",12,3.0447436252849878
56009,SD1,2,147.233165,62982.407173,3,0.002337687167077945,"Converse County, WY",2,0.00467537433415589
56009,WY2,16,1756.838516,62982.407173,3,0.02789411511653275,"Converse County, WY",2,0.0557882302330655
56009,WY3,527,61078.335492,62982.407173,3,0.9697681977163893,"Converse County, WY",2,1.9395363954327787
56011,SD1,50,6478.725016,54793.550805000006,2,0.11823882411009592,"Crook County, WY",2,0.23647764822019185
56011,WY3,395,48314.825789,54793.550805000006,2,0.881761175889904,"Crook County, WY",2,1.763522351779808
56013,MT3,96,10480.982391,133289.4489809,3,0.07863324870149246,"Fremont County, WY",13,1.022232233119402
56013,WY1,804,91178.7183429,133289.4489809,3,0.6840655358697271,"Fremont County, WY",13,8.892851966306452
56013,WY3,242,31629.748247,133289.4489809,3,0.23730121542878052,"Fremont County, WY",13,3.0849158005741466
56015,WY4,32,4525.66794,4525.66794,1,1.0,"Goshen County, WY",1,1.0
56017,MT3,45,4767.662083,32265.091033,4,0.14776533802814143,"Hot Springs County, WY",2,0.29553067605628286
56017,WY1,7,839.530092,32265.091033,4,0.026019765174111788,"Hot Springs County, WY",2,0.052039530348223575
56017,WY2,25,3254.954373,32265.091033,4,0.1008816113263374,"Hot Springs County, WY",2,0.2017632226526748
56017,WY3,211,23402.944485,32265.091033,4,0.7253332854714094,"Hot Springs County, WY",2,1.4506665709428188
56019,WY2,302,36082.64315,73596.264922,2,0.49027818447365096,"Johnson County, WY",6,2.9416691068419056
56019,WY3,281,37513.621772,73596.264922,2,0.5097218155263491,"Johnson County, WY",6,3.058330893158095
56021,WY4,471,52578.1044263,52578.1044263,1,1.0,"Laramie County, WY",2,2.0
56023,ID3,48,2620.1534848,47306.8126718,3,0.05538638806587569,"Lincoln County, WY",3,0.16615916419762705
56023,UT1,3,301.916565,47306.8126718,3,0.0063820948389527645,"Lincoln County, WY",3,0.019146284516858292
56023,WY1,399,44384.742622,47306.8126718,3,0.9382315170951715,"Lincoln County, WY",3,2.8146945512855144
56025,MT3,33,4052.982571,110140.91695700001,5,0.036798155335698905,"Natrona County, WY",7,0.25758708734989233
56025,WY1,26,2590.447877,110140.91695700001,5,0.023519396320364157,"Natrona County, WY",7,0.1646357742425491
56025,WY2,298,37768.54305,110140.91695700001,5,0.34291110055625534,"Natrona County, WY",7,2.4003777038937875
56025,WY3,401,51596.263418,110140.91695700001,5,0.468456817352843,"Natrona County, WY",7,3.279197721469901
56025,WY4,121,14132.680041,110140.91695700001,5,0.1283145304348385,"Natrona County, WY",7,0.8982017130438695
56027,SD1,8,1089.484605,20308.446735,2,0.05364687015291817,"Niobrara County, WY",1,0.05364687015291817
56027,WY3,137,19218.96213,20308.446735,2,0.9463531298470818,"Niobrara County, WY",1,0.9463531298470818
56029,MT3,402,43507.643191,43882.934231,2,0.9914479045994403,"Park County, WY",3,2.974343713798321
56029,WY3,3,375.29104,43882.934231,2,0.008552095400559725,"Park County, WY",3,0.025656286201679174
56031,WY4,110,13679.499723,13679.499723,1,1.0,"Platte County, WY",1,1.0
56033,WY2,303,32726.783762,35335.693027,2,0.9261678761187297,"Sheridan County, WY",2,1.8523357522374595
56033,WY3,21,2608.9092650000002,35335.693027,2,0.07383212388127021,"Sheridan County, WY",2,0.14766424776254042
56035,WY1,522,59490.380793,59490.380793,1,1.0,"Sublette County, WY",8,8.0
56037,CO1,39,5375.272776,206710.038692,2,0.026003927095235125,"Sweetwater County, WY",21,0.5460824689999376
56037,WY1,1608,201334.765916,206710.038692,2,0.9739960729047649,"Sweetwater County, WY",21,20.453917531000062
56039,ID3,5,231.985851,658.2361078,2,0.35243562036631254,"Teton County, WY",1,0.35243562036631254
56039,WY1,18,426.2502568,658.2361078,2,0.6475643796336874,"Teton County, WY",1,0.6475643796336874
56041,UT1,23,2222.765671,39298.3862945,3,0.056561245399307576,"Uinta County, WY",2,0.11312249079861515
56041,UT2,73,7726.153898,39298.3862945,3,0.19660231949731005,"Uinta County, WY",2,0.3932046389946201
56041,WY1,267,29349.4667255,39298.3862945,3,0.7468364351033823,"Uinta County, WY",2,1.4936728702067645
56043,MT3,71,8618.443523,43020.774047000006,3,0.2003321352048289,"Washakie County, WY",2,0.4006642704096578
56043,WY2,249,29926.442491,43020.774047000006,3,0.6956277090297235,"Washakie County, WY",2,1.391255418059447
56043,WY3,37,4475.888033,43020.774047000006,3,0.10404015576544746,"Washakie County, WY",2,0.20808031153089493
56045,WY3,393,44085.695937,44085.695937,1,1.0,"Weston County, WY",1,1.0
