county_group,candidate_rows,total_capacity_mw,cf_std,cf_min,cf_max,lcoe_std,lcoe_min,lcoe_max,cf_std_norm,lcoe_std_norm,composite_variability_score,capacity_weighted_score,county_name_full,county_name,state_abbrev,assigned_clusters_county_composite,max_possible_clusters,remaining_capacity
04001,1720,211973.675664,0.004098278623638572,0.29685286,0.31581324,2.223027322380305,23.177225,33.92041,0.35502707691729246,0.25779853799730146,0.30641280745729693,64951.449067248745,"Apache County, AZ",,,22,1720,1698
04003,872,87336.8008875,0.003048582161136519,0.30435213,0.31869447,1.35156263868115,23.407148,30.43854,0.26409361412562454,0.15673710743721012,0.21041536078141732,18377.00446823812,"Cochise County, AZ",,,5,872,867
04005,2078,239935.439366,0.004184644688405475,0.29374906,0.31724334,3.0625779465064964,23.610842,42.467392,0.36250882580136917,0.3551589803524168,0.358833903076893,86096.97019417098,"Coconino County, AZ",,,33,2078,2045
04007,309,25990.6716735,0.0031289283805971337,0.30462682,0.3183084,1.9620239034294467,25.506811,34.226707,0.27105387379950974,0.2275306689790378,0.24929227138927376,6479.273576419672,"Gila County, AZ",,,2,309,307
04009,621,60980.8475629,0.004643823455809352,0.30029616,0.32085988,1.3462109135401947,22.86842,33.68598,0.40228672050906206,0.15611648217398827,0.27920160134152516,17025.950290725123,"Graham County, AZ",,,4,621,617
04011,45,4337.814204,0.0008168773293935284,0.3165484,0.31940144,0.30767249532401647,29.16533,30.710361,0.07076472760583226,0.03567995709183809,0.053222342348835175,230.86863261092796,"Greenlee County, AZ",,,1,45,44
04012,404,39248.6941086,0.0023235426194534252,0.30488285,0.31483558,1.1382410031816679,23.984173,31.331976,0.20128464168327087,0.1319987674261324,0.16664170455470162,6540.469287803179,"La Paz County, AZ",,,2,404,402
04013,781,60036.9645918,0.003168971252171979,0.3009829,0.3162509,2.06670095094339,23.25871,32.571564,0.274522721321148,0.2396697864515454,0.2570962538863467,15435.278691259022,"Maricopa County, AZ",,,4,781,777
04015,1447,133885.8975593,0.004325284234784861,0.3003576,0.3224617,4.466206039466679,22.663147,39.776836,0.37469219634188095,0.5179339793882457,0.4463130878650633,59755.02836127673,"Mohave County, AZ",,,21,1447,1426
04017,1556,179979.2473464,0.003602660886414802,0.29944593,0.31682616,1.7710869465464023,26.53824,36.259624,0.3120925347170607,0.20538822032870055,0.25874037752288065,46567.89840469145,"Navajo County, AZ",,,15,1556,1541
04019,1090,112874.4380709,0.003566975239715928,0.2989004,0.31581154,1.6573186497859722,23.811724,31.835915,0.30900114635651144,0.1921948149755546,0.250597980666033,28286.106249380737,"Pima County, AZ",,,9,1090,1081
04021,815,73114.050413,0.003460517568847346,0.2981139,0.31547588,1.0617957346208449,23.541727,29.00992,0.29977889497372473,0.1231336139152482,0.21145625444448646,15460.423247598339,"Pinal County, AZ",,,4,815,811
04023,100,6690.0835144,0.0018143175823796239,0.30494067,0.3118555,0.7978206761373975,24.904562,28.101164,0.15717132167553988,0.0925211318014801,0.12484622673850998,835.2316833383501,"Santa Cruz County, AZ",,,1,100,99
04025,825,68798.9656589,0.003226743011602003,0.30170444,0.32073846,1.6261364763390724,23.565632,32.92073,0.27952739298024587,0.1885787016488045,0.2340530473145252,16102.607564552914,"Yavapai County, AZ",,,4,825,821
04027,181,12523.4323434,0.001788613374311244,0.30432236,0.3136233,2.2708493133604435,23.5279,32.91069,0.1549446087814105,0.2633443264969224,0.20914446763916644,2619.206590475512,"Yuma County, AZ",,,1,181,180
06001,37,1767.2231395,0.0024502167153870958,0.3077484,0.3208555,1.5055826747711862,26.839663,32.80469,0.21225820842445636,0.17459839943599118,0.19342830393022376,341.83097453973016,"Alameda County, CA",,,1,37,36
06003,15,590.0262815,0.0005901030321110688,0.3141274,0.31610492,0.7560509042739104,29.972454,32.834755,0.051119646517449664,0.08767720297951774,0.0693984247484837,40.94689449630541,"Alpine County, CA",,,1,15,14
06005,76,4430.3611447,0.002595357016272389,0.29853743,0.3160492,0.8454289257465095,28.103865,31.963997,0.22483147185974064,0.09804213328548256,0.16143680257261162,715.2233374423035,"Amador County, CA",,,1,76,75
06007,193,10616.7734857,0.002250653081825988,0.2932468,0.304127,1.1856858351043025,29.711096,34.870834,0.1949703419837675,0.1375008177977339,0.16623557989075072,1764.8854969640863,"Butte County, CA",,,1,193,192
06009,129,8638.9809065,0.0029311637355335517,0.2978254,0.30728942,1.264946637998385,25.884043,34.18569,0.253921850747311,0.14669248130131504,0.20030716602431303,1730.449782719166,"Calaveras County, CA",,,1,129,128
06011,143,10702.180936,0.004871589282213461,0.2970287,0.31329408,0.6644661030888008,26.661554,30.60517,0.42201769612001494,0.07705635832745385,0.2495370272237344,2670.5904155799635,"Colusa County, CA",,,1,143,142
06013,27,812.9630517,0.002517668985851385,0.30753934,0.3146627,1.8451446310670714,26.701675,32.47627,0.21810148669164017,0.2139764920987709,0.21603898939520555,175.63171610491025,"Contra Costa County, CA",,,1,27,26
06015,20,339.0796088,0.004585719420597031,0.24749263,0.26352873,0.7115558013657768,55.194508,58.315144,0.397253264350287,0.0825172247991893,0.23988524457473814,81.34019488729453,"Del Norte County, CA",,,1,20,19
06017,142,5279.9993787,0.004095993914404232,0.29691443,0.31905037,1.358304772695758,27.070621,32.33157,0.3548291563473256,0.15751897470193038,0.25617406552462796,1352.5989068090887,"El Dorado County, CA",,,1,142,141
06019,571,42713.9383792,0.007289000513407029,0.30010635,0.32923555,1.5347221406869287,26.14811,38.50791,0.6314340198827242,0.1779776254290649,0.40470582265589455,17286.579570627324,"Fresno County, CA",,,4,571,567
06021,151,13533.6327516,0.005502081804697038,0.29522204,0.31389436,0.5534634082421178,30.013275,32.487923,0.476636217170402,0.06418367243774803,0.270409944804075,3659.6288853587776,"Glenn County, CA",,,1,151,150
06023,123,5511.561918,0.010907163100787499,0.25371724,0.28945592,4.611375863918193,38.39715,60.967754,0.9448694412325637,0.534768935993661,0.7398191886131124,4077.5592661656897,"Humboldt County, CA",,,1,123,122
06025,376,27048.242808,0.0032843754252007136,0.30370384,0.3200348,1.4117163623278113,25.298174,34.99414,0.2845199933411927,0.16371297402017157,0.22411648368068215,6061.95706787026,"Imperial County, CA",,,2,376,374
06027,168,10137.938453,0.006225060885759089,0.3109699,0.33798048,1.7550667551492154,28.040928,36.831738,0.5392666953280644,0.2035304015430054,0.3713985484355349,3765.2156255729924,"Inyo County, CA",,,1,168,167
06029,841,68806.4374467,0.00865529011194699,0.3036104,0.3373262,3.913042130442315,24.778572,41.033405,0.7497934207283123,0.4537850390744311,0.6017892299013717,41406.9730033065,"Kern County, CA",,,14,841,827
06031,168,12425.2514237,0.008022753800844745,0.30094445,0.32784635,0.6051885225978187,36.2865,38.688904,0.6949978496611361,0.0701820957249458,0.38258997269304096,4753.776602897551,"Kings County, CA",,,1,168,167
06033,86,4127.0818149,0.002177886337842313,0.3010529,0.31261086,1.234946060826894,29.653334,35.141464,0.18866667969387255,0.14321339453705328,0.1659400371154629,684.848109543058,"Lake County, CA",,,1,86,85
06035,497,38238.174813,0.004331172894021002,0.29825288,0.31897086,1.7803742250160082,26.595345,38.320587,0.37520232112049173,0.20646524119449655,0.29083378115749414,11120.952965426046,"Lassen County, CA",,,3,497,494
06037,189,12535.0138742,0.004420700731575721,0.30424327,0.33313522,3.0619240074154734,25.92006,38.41648,0.38295796913486674,0.35508314478354736,0.36902055695920705,4625.677801348672,"Los Angeles County, CA",,,1,189,188
06039,203,15566.7792113,0.001823747137586759,0.3036184,0.30958438,3.6738074070338507,25.932178,37.581547,0.15798818839673104,0.42604162750589797,0.2920149079513145,4545.731598486206,"Madera County, CA",,,1,203,202
06041,22,935.9250138,0.003346098497234248,0.2918829,0.3027651,1.7496681751958245,28.207844,34.565323,0.28986696065474393,0.20290434265239513,0.24638565165356952,230.59849442398905,"Marin County, CA",,,1,22,21
06043,115,9738.0316148,0.0028733556700763067,0.3001004,0.31144914,1.2517182631626624,26.136,38.061302,0.24891403395731737,0.1451584220217026,0.19703622798950998,1918.7450174227888,"Mariposa County, CA",,,1,115,114
06045,181,8411.7625109,0.004643502982821255,0.28794912,0.30738306,2.139841782364811,33.444782,47.50868,0.40225895846586207,0.2481517332177956,0.3252053458418288,2735.550136496565,"Mendocino County, CA",,,1,181,180
06047,227,17109.370019,0.007586562202688647,0.30097717,0.32701465,1.7359281896807897,25.997156,36.12512,0.6572112952829097,0.20131095324947618,0.4292611242661929,7344.387409842235,"Merced County, CA",,,2,227,225
06049,374,28593.279143,0.0023843737037518493,0.29479337,0.3090305,2.115607245687062,30.335192,38.982548,0.20655433757939926,0.2453413187610466,0.2259478281702229,6460.589322625782,"Modoc County, CA",,,2,374,372
06051,69,2654.8195479,0.005459008067706783,0.3120838,0.33221442,1.96009811511877,30.48952,38.516827,0.47290481080692315,0.22730734045491818,0.35010607563092067,929.468453423524,"Mono County, CA",,,1,69,68
06053,299,19114.5381283,0.0071589396308031124,0.29791823,0.3283325,3.258461120818549,26.235403,40.075047,0.6201670614319695,0.3778750286202566,0.4990210450261131,9538.556791975749,"Monterey County, CA",,,2,299,297
06055,89,3680.6805168,0.003094895604961555,0.29896566,0.3117575,1.668814578069282,25.986464,33.07067,0.2681056709165749,0.1935279670580876,0.23081681898733125,849.5629685964225,"Napa County, CA",,,1,89,88
06057,111,4086.1260768,0.005707981667214984,0.29237008,0.31310576,1.6410347369547613,27.445103,34.174625,0.494472980611956,0.1903064131198965,0.34238969686592624,1399.0474687915084,"Nevada County, CA",,,1,111,110
06059,13,578.6841264,0.003999477508480757,0.29608876,0.3101943,1.930796137562473,26.907286,32.435314,0.34646810025125374,0.22390926842116798,0.28518868433621086,165.03416465426554,"Orange County, CA",,,1,13,12
06061,97,3778.8398139,0.005053111726389735,0.29279566,0.31310576,2.128164194193666,26.195515,33.712326,0.43774268425993024,0.2467975145235187,0.3422700993917245,1293.3838786889587,"Placer County, CA",,,1,97,96
06063,130,6925.0043485999995,0.006112467668191387,0.29879725,0.31840876,2.972579036982381,27.438862,36.790535,0.5295129317154078,0.344722047318312,0.4371174895168599,3027.0405157533696,"Plumas County, CA",,,1,130,129
06065,406,22152.3624066,0.0061022923158364556,0.30420375,0.33447933,1.9621519850502078,24.574028,33.18686,0.5286314578247997,0.2275455222623259,0.3780884900435628,8375.55325320918,"Riverside County, CA",,,2,406,404
06067,77,3914.7187425,0.0007142966139055548,0.29853743,0.30389616,0.8889297605332995,26.238556,30.241491,0.06187833043465946,0.10308680884875399,0.08248256964170672,322.8960613059508,"Sacramento County, CA",,,1,77,76
06069,155,10187.5136465,0.005681133116864581,0.30281135,0.32923555,1.4118407738838539,26.95888,37.369057,0.4921471352447351,0.16372740169586175,0.3279372684702984,3340.865397737099,"San Benito County, CA",,,1,155,154
06071,536,29588.7586259,0.0056992174493255675,0.30524567,0.3326565,2.140704417609578,24.90186,34.56511,0.49371375095860875,0.2482517707219176,0.37098276084026316,10976.919364872534,"San Bernardino County, CA",,,3,536,533
06073,283,11833.1710078,0.0058596918209485455,0.30085817,0.32645032,1.6234051576393587,24.9007,33.788914,0.5076153794981694,0.18826195791808104,0.3479386687081252,4117.217767049516,"San Diego County, CA",,,1,283,282
06077,157,8201.271758,0.004237453050341579,0.29853743,0.31664273,2.0903403608071,25.897459,32.809914,0.36708352657130366,0.24241118564202324,0.3047473561066635,2499.3158849627484,"San Joaquin County, CA",,,1,157,156
06079,346,25227.2127866,0.00732917777327674,0.30071917,0.3310606,3.416419189165782,25.42027,43.58244,0.634914509239357,0.39619300369633087,0.515553756467844,13005.984317345255,"San Luis Obispo County, CA",,,3,346,343
06081,18,576.5184985,0.011543566364639032,0.27651337,0.30447847,2.7818083552358694,27.657143,36.12413,1.0,0.32259888115122276,0.6612994405756114,381.25136053954145,"San Mateo County, CA",,,1,18,17
06083,176,11707.438853,0.007071901845619776,0.29770947,0.32719505,4.18551169931133,25.280487,43.686974,0.6126271225227988,0.4853826068577974,0.5490048646902981,6427.440883361203,"Santa Barbara County, CA",,,2,176,174
06085,56,2500.3553902999997,0.005981556580662318,0.30267078,0.3208555,2.5752139255578568,26.525444,35.66367,0.5181723214227272,0.29864067722219945,0.4084064993224633,1021.1613920144744,"Santa Clara County, CA",,,1,56,55
06087,16,193.5764399,0.00494360696478174,0.2909611,0.30403802,2.1013010094015407,29.82075,36.80118,0.4282564684624072,0.243682262769462,0.3359693656159346,65.0357537113941,"Santa Cruz County, CA",,,1,16,15
06089,329,25017.3642242,0.0033625556986540315,0.29177788,0.30582795,1.5519715357723072,26.59369,35.79474,0.29129262070640666,0.17997799168168788,0.23563530619404727,5894.97427913737,"Shasta County, CA",,,2,329,327
06091,49,2164.172726,0.006852198134546993,0.29289022,0.31526902,2.0602269831251268,26.852789,33.564278,0.5935945545855803,0.23891901770399682,0.41625678614478856,900.851583586966,"Sierra County, CA",,,1,49,48
06093,384,25979.6805778,0.0028560427485390177,0.29024935,0.30534396,1.2954307282494217,24.19869,31.995974,0.24741424429176626,0.15022763978532339,0.19882094203854483,5165.304566338683,"Siskiyou County, CA",,,2,384,382
06095,88,4378.7752055,0.00205610946461785,0.30388823,0.31229255,1.0767293286228934,25.954456,32.35413,0.17811735123005415,0.12486542290473518,0.15149138706739468,663.3467295375112,"Solano County, CA",,,1,88,87
06097,136,4949.9535951,0.0035835784356309072,0.2897507,0.30479905,3.8270100751971228,26.762745,39.58148,0.3104394536690452,0.4438081315304583,0.3771237925997517,1866.7452729768877,"Sonoma County, CA",,,1,136,135
06099,191,12538.6977056,0.005056693734579972,0.29866695,0.32056502,2.7293137003821824,25.933645,34.50422,0.43805298768584633,0.31651121630891077,0.37728210199737855,4730.626226678475,"Stanislaus County, CA",,,1,191,190
06101,72,6033.735837,0.0016498390618617247,0.29851213,0.30400053,0.9190081767648753,26.56451,29.817087,0.14292282036127188,0.10657492240080504,0.12474887138103846,752.7017358770755,"Sutter County, CA",,,1,72,71
06103,321,24552.5457638,0.003255315685504814,0.29542723,0.30997476,1.1320389996949214,26.795378,36.39051,0.2820025963099843,0.13127953765534153,0.20664106698266294,5073.564253772293,"Tehama County, CA",,,1,321,320
06105,49,1978.5845140000001,0.0028952363235025254,0.28914174,0.29972908,4.644641638211665,30.754414,46.615124,0.25080951865719703,0.5386266789425973,0.39471809879989717,780.9831176809986,"Trinity County, CA",,,1,49,48
06107,395,22952.0964047,0.004989784062694008,0.30010635,0.33752877,3.967259368693718,25.838688,40.510708,0.4322567138331723,0.4600724673101295,0.4461645905716509,10240.412695164037,"Tulare County, CA",,,3,395,392
06109,100,5360.3487567,0.0020666627739833413,0.2999049,0.30728942,1.4408466057734595,26.007124,37.69606,0.17903156690934535,0.1670911305080336,0.17306134870868947,927.6691853834488,"Tuolumne County, CA",,,1,100,99
06111,82,2318.2984871,0.0071497311724059865,0.30340123,0.33095258,4.4935537671541566,25.37374,42.510544,0.619369347960565,0.521105422287036,0.5702373851238005,1321.9804672203668,"Ventura County, CA",,,1,82,81
06113,95,6672.082393,0.0027168574362030754,0.30274448,0.3123381,0.4489599888482897,26.836811,29.48415,0.2353568516334364,0.05206469015434502,0.1437107708938907,958.850104165585,"Yolo County, CA",,,1,95,94
06115,78,4038.0044235,0.002103978208685884,0.293695,0.30080158,1.5957794047601248,28.179958,33.888405,0.1822641411003553,0.18505827318076729,0.18366120714056128,741.6247668589363,"Yuba County, CA",,,1,78,77
08001,178,19019.211944,0.0027469781621230222,0.28204226,0.29494825,1.20354789291312,25.405018,30.971691,0.2379661601407461,0.13957223290918017,0.18876919652496313,3590.2413572068617,"Adams County, CO",,,1,178,177
08003,76,6880.485277,0.0028743770190431815,0.2955946,0.31445253,0.6160023893840699,31.339643,34.455883,0.24900251172359966,0.07143615095833271,0.1602193313409662,1102.3867503823026,"Alamosa County, CO",,,1,76,75
08005,120,12494.7694373,0.002392063174025878,0.28706646,0.29808494,1.4052807663250535,25.46719,30.842428,0.20722046363014762,0.16296665514952638,0.18509355938983701,2312.701348905208,"Arapahoe County, CO",,,1,120,119
08007,131,7614.768364,0.002952610039083051,0.30031553,0.3114305,1.7862394703579225,32.617546,39.127686,0.2557797084380845,0.20714541802314748,0.23146256323061598,1762.5338039388441,"Archuleta County, CO",,,1,131,130
08011,117,14896.263953,0.0012587240075670975,0.30173993,0.30663478,0.34795446611272357,28.880737,30.350218,0.10904117218253268,0.04035134959899781,0.07469626089076524,1112.69521853099,"Bent County, CO",,,1,117,116
08013,61,1791.9803096,0.0035558018057218455,0.27498648,0.29034948,1.3278229899744152,26.036306,31.508055,0.30803321030961434,0.15398408381597425,0.23100864706279428,413.96294688386325,"Boulder County, CO",,,1,61,60
08014,2,42.037322,0.0,0.28155762,0.28155762,0.06315453505489273,26.133865,26.223179,0.0,0.007323862662928336,0.003661931331464168,0.15393778652264797,"Broomfield County, CO",,,1,2,1
08015,49,3305.466422,0.0031919706498069697,0.296362,0.31244868,0.8081664810726883,31.47026,35.16578,0.27651512097550823,0.0937209071528093,0.18511801406415876,611.9013795964005,"Chaffee County, CO",,,1,49,48
08017,69,7737.065047,0.0006635737711518946,0.30385393,0.30613208,0.26000401881262225,29.35263,30.274582,0.05748429473101094,0.030151971254921865,0.0438181329929664,339.0237452046778,"Cheyenne County, CO",,,1,69,68
08019,4,104.4308063,0.00480874910099204,0.28052902,0.2916761,0.6275449530943963,29.190052,30.495586,0.41657395549112947,0.07277471122671333,0.24467433335892141,25.55153791358715,"Clear Creek County, CO",,,1,4,3
08021,134,10804.333996,0.001777455157510725,0.3085975,0.3152472,0.7390912101655674,32.033546,35.563396,0.15397799097474207,0.08571043257503581,0.11984421177488894,1294.8368915032559,"Conejos County, CO",,,1,134,133
08023,148,16398.375055,0.0040806606999318545,0.29945815,0.31445253,0.8047625389303422,29.79517,33.63293,0.353500865419892,0.09332616107889033,0.22341351324939118,3663.6185826187284,"Costilla County, CO",,,1,148,147
08025,140,17619.174729,0.001120277015599197,0.30162695,0.30703336,0.49723698831994323,26.632307,28.52209,0.09704773899259583,0.057663244772811206,0.07735549188270352,1362.9399277290943,"Crowley County, CO",,,1,140,139
08027,82,8088.805314,0.004849716680296245,0.291449,0.3121492,0.3934467872640812,27.472866,29.725021,0.4201229089090004,0.045626972514134154,0.23287494071156728,1883.6800579251603,"Custer County, CO",,,1,82,81
08029,123,7671.579797,0.00677791830045543,0.2905807,0.3141364,1.957053390709133,25.6028,41.257645,0.5871598158103001,0.22695425190152665,0.40705703385591335,3122.77051715577,"Delta County, CO",,,1,123,122
08031,3,211.806147,0.0005735051163968042,0.28568676,0.2866801,0.7089332545679701,25.79808,27.138607,0.04968179661994239,0.08221309505525967,0.06594744583760104,13.968074407353464,"Denver County, CO",,,1,3,2
08033,90,8397.352539,0.004495210986677456,0.29184327,0.31190702,0.7895323554140623,40.215195,45.06328,0.38941266889992204,0.09155995739601186,0.24048631314796695,2019.4483523078293,"Dolores County, CO",,,1,90,89
08035,82,3811.6599934,0.0032810266853855953,0.28084174,0.29206532,0.8801528570063738,25.521824,28.815662,0.2842298975675524,0.10206897480118948,0.19314943618437094,736.2199786517331,"Douglas County, CO",,,1,82,81
08037,67,4109.04865,0.003679449790718932,0.28064474,0.30561242,3.633450697111243,25.038374,40.537804,0.3187446300815709,0.4213615677011046,0.37005309889133775,1520.566186427768,"Eagle County, CO",,,1,67,66
08039,311,36843.1573575,0.003837332131952123,0.28786293,0.3067408,0.9742225120832293,25.903063,29.943045,0.3324217153294043,0.11297798131882283,0.22269984832411355,8204.965555296698,"Elbert County, CO",,,2,311,309
08041,261,25980.547827,0.003780237614464477,0.29045874,0.3075221,0.7473121849507707,24.227959,27.692406,0.32747571201603126,0.08666379705202694,0.2070697545340291,5379.785661196493,"El Paso County, CO",,,2,261,259
08043,175,13724.148932,0.003419355062051461,0.291449,0.30776227,1.765974939100024,24.155378,31.847538,0.2962130553106916,0.20479539448592296,0.25050422489830726,3437.9572905995915,"Fremont County, CO",,,1,175,174
08045,187,10160.2283281,0.005994801865122231,0.2847706,0.31243604,2.7585147487022765,24.51355,43.474636,0.5193197384376703,0.319897583848851,0.4196086611432607,4263.319805663871,"Garfield County, CO",,,1,187,186
08047,11,170.7742409,0.002890099427317668,0.27920744,0.2862866,0.6313058030109432,28.29846,30.090517,0.25036451786432307,0.07321084694144442,0.16178768240288374,27.629168649322757,"Gilpin County, CO",,,1,11,10
08049,135,9923.123062,0.003984266079276869,0.28283137,0.29714042,0.9569997009424036,31.320507,37.871952,0.34515035937955185,0.11098069793520957,0.22806552865738072,2263.122307067277,"Grand County, CO",,,1,135,134
08051,160,9838.8234534,0.00479789160624244,0.29085472,0.31029162,1.8430658627231664,33.977253,42.218334,0.41563338873674593,0.2137354228890052,0.3146844058128756,3096.1243123309637,"Gunnison County, CO",,,1,160,159
08053,4,126.0000005,0.002997850858248295,0.3049629,0.31015533,0.6579321076141399,38.11826,39.351307,0.2596988455345566,0.07629862833300423,0.1679987369337804,21.167840937655697,"Hinsdale County, CO",,,1,4,3
08055,235,25648.105267,0.005541889204574093,0.29048914,0.3121492,1.0388564312730268,27.916634,32.504707,0.4800846661695775,0.12047340420652902,0.30027903518805327,7701.588303976387,"Huerfano County, CO",,,2,235,233
08057,186,15755.1027216,0.004002170376173016,0.2848287,0.3013415,0.815931428520504,30.890928,34.47029,0.3467013789111753,0.094621387358122,0.22066138313464867,3476.542757976724,"Jackson County, CO",,,1,186,185
08059,47,808.8230975,0.002385643603725791,0.27895147,0.28704217,1.1793415819921809,26.206575,31.5318,0.2066643469070046,0.1367650917180209,0.17171471931251275,138.88683116068964,"Jefferson County, CO",,,1,47,46
08061,109,14121.804844,0.0008673959532410904,0.30385393,0.30703336,0.4756819536521392,28.099594,30.050905,0.07514107216450468,0.055163565003742504,0.0651523185841236,920.0683281791079,"Kiowa County, CO",,,1,109,108
08063,231,29912.38168,0.0026259442414647005,0.29578668,0.30512217,0.47825349553156066,29.368702,31.622414,0.2274811924249559,0.05546177984358704,0.14147148613427146,4231.749090085155,"Kit Carson County, CO",,,1,231,230
08065,20,938.928921,0.003133758997920602,0.29519466,0.30881074,0.7027306589805862,32.769913,35.209354,0.2714723421628282,0.08149379662014015,0.17648306939148417,165.70505791851434,"Lake County, CO",,,1,20,19
08067,179,14420.6566225,0.0033218927810111753,0.30370298,0.31634286,1.1419065622398852,29.428864,34.973827,0.2877700596227352,0.13242385251466804,0.21009695606870163,3029.736060899214,"La Plata County, CO",,,1,179,178
08069,212,12153.0100282,0.0037912969250846786,0.2774258,0.29025716,1.2935291950767793,25.932272,31.703037,0.32843376174441324,0.1500071240647448,0.23922044290457903,2907.2484415697945,"Larimer County, CO",,,1,212,211
08071,482,52958.054274,0.0030589560444569896,0.29364562,0.3096947,1.0950230119595623,28.165207,33.493305,0.2649922864243561,0.12698689247521672,0.19598958944978642,10379.227315220767,"Las Animas County, CO",,,3,482,479
08073,430,55916.878264,0.003205348703177428,0.29589745,0.30770302,0.9144776010260735,26.707077,30.620724,0.27767403954086933,0.10604952363939957,0.19186178159013445,10728.311884689705,"Lincoln County, CO",,,3,430,427
08075,242,28989.4378765,0.0018854272903543717,0.2861557,0.2939324,0.6809478448373596,28.432713,31.464167,0.16333143768549116,0.07896770187400007,0.12114956977974561,3512.057926894637,"Logan County, CO",,,1,242,241
08077,297,21676.1442443,0.004784056171153082,0.28532168,0.30775484,4.288443665612691,24.375786,45.924908,0.41443484795200725,0.49731935192544924,0.45587709993872827,9881.657775945041,"Mesa County, CO",,,2,297,295
08079,14,409.052399,0.001190844388732566,0.3049629,0.31054816,1.3212586670336024,37.867386,43.06731,0.1031608734351313,0.15322283682631885,0.12819185513072506,52.43718587348354,"Mineral County, CO",,,1,14,13
08081,714,78172.935419,0.004107157140219732,0.2861118,0.30709773,3.44400833179991,25.137217,41.956863,0.3557962080766504,0.39939244284135295,0.3775943254590017,29517.656818687406,"Moffat County, CO",,,9,714,705
08083,245,20549.8827841,0.0036447773388015247,0.30104667,0.3179055,2.5439843843836285,29.035164,44.314114,0.3157410131037521,0.2950190707866915,0.3053800419452218,6275.524066577848,"Montezuma County, CO",,,2,245,243
08085,280,23071.5729573,0.004216665149185118,0.28542668,0.3052661,3.635524643776157,24.84852,46.220898,0.36528270518735595,0.42160207775364267,0.3934423914704993,9077.334839306212,"Montrose County, CO",,,2,280,278
08087,233,24802.7647665,0.0016640172567928694,0.2874256,0.29423732,0.5421312330081784,27.230263,29.709187,0.1441510538623653,0.06286951035875446,0.10351028211055988,2567.3411781022696,"Morgan County, CO",,,1,233,232
08089,204,19066.747259,0.0008928487309949608,0.30050886,0.30517772,0.858294714677846,27.48964,30.853373,0.07734600406768487,0.09953414444669896,0.08844007425719191,1686.2645434290703,"Otero County, CO",,,1,204,203
08091,59,4819.775669,0.0034699157096172895,0.28542668,0.29721573,0.7687038101065733,37.673332,40.251038,0.30059304031434775,0.08914452665666685,0.1948687834855073,939.223821291077,"Ouray County, CO",,,1,59,58
08093,216,18778.2043971,0.004319836982329119,0.28049138,0.30768606,1.0382929408123125,26.301752,32.732613,0.3742203099002325,0.12040805772361128,0.24731418381192188,4644.116293922229,"Park County, CO",,,1,216,215
08095,10,1416.62991,0.0003275689023040247,0.29098105,0.2917203,0.18546301238444163,31.424448,32.002346,0.028376750473532518,0.02150764993481488,0.024942200204173696,35.33386683044057,"Phillips County, CO",,,1,10,9
08097,24,1077.4319686000001,0.0026668863707396614,0.2893928,0.3000505,0.7349004426895537,36.081127,39.214264,0.23102794114902245,0.08522444046979881,0.15812619080941062,170.37021305100254,"Pitkin County, CO",,,1,24,23
08101,363,39734.476162,0.0019973947035313248,0.29478157,0.30554906,0.9212538297697759,24.208868,28.727367,0.17303098890217047,0.10683534477874178,0.13993316684045612,5560.171082095272,"Pueblo County, CO",,,2,363,361
08103,386,28963.9090185,0.0033891612163749097,0.2858926,0.30709773,1.7645445941019058,31.990547,43.173813,0.2935974125601944,0.20462952119879135,0.24911346687949287,7215.299789980744,"Rio Blanco County, CO",,,2,386,384
08105,86,6913.163816,0.002940870248920553,0.30272323,0.3152472,1.0964405377509256,32.78114,38.18836,0.2547627098960689,0.12715127915319763,0.19095699452463327,1320.116984959805,"Rio Grande County, CO",,,1,86,85
08107,254,20430.3160575,0.003684009870720548,0.28469223,0.3008279,1.8272258974903324,25.566332,43.349823,0.31913966224559814,0.21189850444997302,0.26551908334778557,5424.638792092945,"Routt County, CO",,,2,254,252
08109,233,17558.667129,0.004135571714509074,0.296362,0.31886694,1.4079651239249644,32.44799,38.97793,0.3582577154992077,0.1632779529269995,0.2607678342131036,4578.735598898144,"Saguache County, CO",,,1,233,232
08113,183,15989.561936,0.005032085580722615,0.28857788,0.30917248,1.4484414752832393,38.92185,46.167324,0.43592122414934187,0.16797188722937026,0.3019465556893561,4827.993153556832,"San Miguel County, CO",,,1,183,182
08117,17,750.1085820000001,0.002216343102553069,0.2858219,0.29621676,3.4186144131015683,25.469276,36.51592,0.19199812540969213,0.3964475779498836,0.2942228516797879,220.69908606552204,"Summit County, CO",,,1,17,16
08119,51,1978.3985235,0.005712643666598463,0.2894029,0.30776227,0.7927304356135291,26.685051,29.853529,0.4948768418829199,0.09193083021053843,0.29340383604672915,580.4697160240851,"Teller County, CO",,,1,51,50
08121,418,57126.868458,0.0017750327821803552,0.28921762,0.29896244,0.7593396060191939,28.719442,31.771103,0.1537681446193046,0.0880585849325454,0.120913364775925,6907.401884368438,"Washington County, CO",,,2,418,416
08123,688,66265.1637526,0.003529879517418652,0.28008592,0.29273716,0.8076473806916956,25.67317,29.337566,0.3057876054866023,0.09366070846881361,0.19972415697770796,13234.753967477805,"Weld County, CO",,,3,688,685
08125,350,46287.6193336,0.0016019958936871067,0.29069164,0.29766706,0.6586856661797189,30.665052,33.987762,0.13877824608817946,0.07638601650612556,0.10758213129715251,4979.72074057997,"Yuma County, CO",,,1,350,349
16001,87,6232.2509071,0.003934775457442189,0.27555496,0.28635943,0.4527544841055516,25.789528,27.829556,0.34086306892949797,0.05250472762932863,0.1966838982794133,1225.7834034638377,"Ada County, ID",,,1,87,86
16003,82,7616.38318,0.002696462422268427,0.27036953,0.279562,1.4428653812251102,29.6928,34.631092,0.233590065417599,0.1673252425024031,0.20045765396000104,1526.7623039232124,"Adams County, ID",,,1,82,81
16005,135,11403.9786148,0.001951613749957268,0.27822295,0.2898054,1.1870013507113872,28.248127,32.785698,0.16906506085810466,0.1376533746272451,0.15335921774267489,1748.9052395199212,"Bannock County, ID",,,1,135,134
16007,107,8520.948882,0.0029928030879193116,0.27777869,0.29035285,0.7694737225868643,30.386599,33.391644,0.259261565566691,0.08923381134957488,0.17424768845813293,1484.7556461584122,"Bear Lake County, ID",,,1,107,106
16009,91,8806.951262999999,0.003088665057950828,0.24396995,0.2551514,1.2243919399192924,32.492603,36.897644,0.26756592896734394,0.1419894613390964,0.20477769515322017,1803.4671809638812,"Benewah County, ID",,,1,91,90
16011,343,38253.3954965,0.004922035296667471,0.27555546,0.29345655,0.7628255880745561,26.449377,29.873629,0.4263877506474043,0.08846284495594221,0.2574252978016733,9847.3917276117,"Bingham County, ID",,,2,343,341
16013,209,19946.5905797,0.003907152996637993,0.28363153,0.30271944,1.2015115084083456,28.418882,33.047695,0.3384701809838098,0.13933607883997642,0.2389031299118931,4765.302920561413,"Blaine County, ID",,,1,209,208
16015,49,2647.9503665,0.0034528919479205923,0.2725668,0.28530183,1.2424244750072708,27.317144,31.766914,0.299118300085986,0.1440806462450418,0.2215994731655139,586.7844061848294,"Boise County, ID",,,1,49,48
16017,143,8044.2683375999995,0.002183618686193463,0.23932971,0.25143367,2.183551132887375,31.302399,39.534454,0.1891632635198823,0.2532205897937297,0.22119192665680598,1779.3272121380858,"Bonner County, ID",,,1,143,142
16019,167,15382.2004849,0.0037516270137765905,0.27302524,0.2890539,1.2779007951717993,26.073694,33.598785,0.32499722315183344,0.14819474029141944,0.23659598172162644,3639.366824763794,"Bonneville County, ID",,,1,167,166
16021,66,3632.260721,0.002835511356817355,0.24018285,0.25143367,1.0929269021221006,36.153816,40.724365,0.24563564389453063,0.12674381221878478,0.1861897280566577,676.2896358738694,"Boundary County, ID",,,1,66,65
16023,277,30966.098904,0.003120319952503141,0.28699848,0.30322435,0.6653673102784031,27.173805,30.554247,0.2703081399576389,0.07716086891694285,0.17373450443729088,5379.879847442576,"Butte County, ID",,,2,277,275
16025,76,9350.673022,0.001756560629966344,0.29188275,0.30002975,0.6023404199666859,29.234097,31.874722,0.15216793272373338,0.06985180887377648,0.11100987079875493,1038.0170040536234,"Camas County, ID",,,1,76,75
16027,90,3817.6674209,0.0019417962363038337,0.27370316,0.2812757,0.5366950685459043,27.198132,29.09663,0.16821458594044766,0.06223909289308581,0.11522683941676673,439.8977508546663,"Canyon County, ID",,,1,90,89
16029,215,18687.340069,0.002095408764592673,0.27574366,0.2878597,0.9753046069685398,28.21386,33.641205,0.18152178437778632,0.1131034689709983,0.14731262667439232,2752.88115112201,"Caribou County, ID",,,1,215,214
16031,338,37449.0830735,0.003905401709234727,0.27596965,0.29142672,0.9059842614750886,31.454054,35.835976,0.33831846986196534,0.10506457374835905,0.2216915218051622,8302.144216772154,"Cassia County, ID",,,2,338,336
16033,214,24840.579205,0.005383124835084504,0.27176356,0.29539883,0.8541066149627408,27.947048,32.266006,0.4663311722774363,0.09904846171456547,0.2826898169960009,7022.178789536114,"Clark County, ID",,,2,214,212
16035,137,11895.5408216,0.0022637805091216255,0.24659058,0.25945908,0.9924121014932152,38.082493,42.24972,0.1961075492281292,0.11508737939479635,0.15559746431146276,1850.9159884544545,"Clearwater County, ID",,,1,137,136
16037,186,16311.469991,0.0048864973655723155,0.2795683,0.3020289,1.424771713288897,28.872562,34.234207,0.42330915864450147,0.16522696818341281,0.29426806341395717,4799.944685686447,"Custer County, ID",,,1,186,185
16039,278,25867.9921586,0.004413216878674505,0.2803461,0.2980118,1.1304724411943832,25.327843,31.254902,0.3823096553759455,0.13109786805233659,0.25670376171414105,6640.410895104524,"Elmore County, ID",,,2,278,276
16041,84,6666.119803,0.001741543655427245,0.2784521,0.2856413,0.8314235904613406,31.362274,34.41983,0.15086703713698474,0.09641797197881334,0.12364250455789905,824.2157481259286,"Franklin County, ID",,,1,84,83
16043,173,16490.1924446,0.0036562240710807012,0.26743203,0.28145564,1.1610166790809817,28.286167,34.732307,0.3167326245276047,0.13464000169690893,0.22568631311225681,3721.6107353333673,"Fremont County, ID",,,1,173,172
16045,71,5169.4181889,0.0016636707513558908,0.27538043,0.28157428,0.7363709928694105,27.420824,30.322388,0.14412103667131418,0.08539497624441666,0.11475800645786542,593.2321259051932,"Gem County, ID",,,1,71,70
16047,121,12391.9263351,0.005933689798558889,0.2766717,0.2970704,0.8799145887952686,29.568586,33.13876,0.5140257015141643,0.10204134347346996,0.3080335224938171,3817.1287194847505,"Gooding County, ID",,,1,121,120
16049,172,13834.111668,0.005361318504046497,0.2502581,0.2728319,2.769012311463357,31.783218,46.840645,0.4644421260027247,0.3211149581496957,0.3927785420762102,5433.742211876529,"Idaho County, ID",,,2,172,170
16051,181,20152.3290264,0.004210670052195405,0.27402133,0.29161334,0.7194473002636584,26.471668,30.297947,0.36476335988276465,0.08343238083798367,0.22409787036037415,4516.094017617792,"Jefferson County, ID",,,1,181,180
16053,107,11270.941541,0.0025342515527965294,0.2766659,0.28863347,0.5069823228808078,32.647156,34.73377,0.21953800695074668,0.058793385179450645,0.13916569606509865,1568.5284248623007,"Jerome County, ID",,,1,107,106
16055,114,5347.0313015,0.002914783105577524,0.24172531,0.25180238,1.3099623285951214,29.986233,35.85566,0.25250282395449886,0.15191283064472821,0.20220782729961354,1081.2115819793398,"Kootenai County, ID",,,1,114,113
16057,143,14707.5928705,0.002387767255969495,0.25163734,0.26228404,1.7589319918102833,28.427975,38.519974,0.20684831537711357,0.20397864270954666,0.20541347904333013,3021.1378198822836,"Latah County, ID",,,1,143,142
16059,175,17676.9315147,0.006002677785210054,0.27489468,0.29820278,3.2965253959564116,29.016489,40.715508,0.5200020163264126,0.38228924088911925,0.45114562860776597,7974.8703800557605,"Lemhi County, ID",,,2,175,173
16061,78,7984.283178,0.004335907261921201,0.25411624,0.2680021,0.9704952807776347,38.49362,42.152775,0.37561245155597844,0.11254574426456514,0.2440790979102718,1948.796635546398,"Lewis County, ID",,,1,78,77
16063,194,22736.5837,0.0031971449669970678,0.28117117,0.29466042,0.620405195632067,31.008253,33.986496,0.27696336348797373,0.07194673263332702,0.17445504806065038,3966.5118021185,"Lincoln County, ID",,,1,194,193
16065,70,6084.8672072,0.00165035531196316,0.27070975,0.2765995,0.865307002810512,27.961287,31.80975,0.1429675422509486,0.10034734076255955,0.12165744150675407,740.2693763363001,"Madison County, ID",,,1,70,69
16067,115,11875.1615729,0.005202983802441192,0.27689818,0.29328743,0.8246012423558252,30.026276,33.72586,0.4507258535264539,0.0956268025003261,0.27317632801339,3244.0130330505344,"Minidoka County, ID",,,1,115,114
16069,108,8875.4905953,0.0036648862373996334,0.25041023,0.267367,2.249081534189408,28.661419,41.057793,0.31748301362273446,0.2608199753163295,0.289151494469532,2566.361369781271,"Nez Perce County, ID",,,1,108,107
16071,157,15132.1952805,0.0019831475915141872,0.28214955,0.29162037,0.799445613814502,30.426664,34.001457,0.17179678522827121,0.0927095714815852,0.13225317835492822,2001.2809213335697,"Oneida County, ID",,,1,157,156
16073,1091,126087.650664,0.0038225183111995423,0.27510494,0.2958982,3.4873905074488416,27.590698,45.306656,0.3311384186180899,0.40442335782149885,0.3677808882197944,46372.62815475307,"Owyhee County, ID",,,15,1091,1076
16075,69,5057.7331028,0.002323121163258105,0.27392995,0.28030017,0.3948926876803938,26.822718,28.44684,0.20124813163238994,0.04579464972154515,0.12352139067696755,624.73822653079,"Payette County, ID",,,1,69,68
16077,220,24181.024121,0.003568265055387122,0.27856353,0.29238182,1.0212496963425155,26.182985,31.557812,0.3091128809479237,0.11843159820698254,0.21377223957745312,5169.231681622584,"Power County, ID",,,2,220,218
16079,13,465.28347140000005,0.0021726564199438187,0.23975179,0.24681109,2.4331831166876685,34.75015,41.710064,0.18821362058429658,0.28216974386538274,0.23519168222483966,109.43080234997909,"Shoshone County, ID",,,1,13,12
16081,55,4404.1121336,0.0019445953104784777,0.26743203,0.2749125,0.9126079114586687,28.138594,32.73512,0.16845706509171052,0.10583270073662496,0.13714488291416774,604.0014429034375,"Teton County, ID",,,1,55,54
16083,309,34146.326931999996,0.0031526965705294197,0.2766659,0.29040858,0.8266550089801724,31.078062,35.837894,0.2731128726549323,0.09586497232748659,0.18448892249120943,6299.619062717245,"Twin Falls County, ID",,,2,309,307
16085,85,5274.0664092,0.001596135181552928,0.27046064,0.2763055,1.0232379228911221,30.296965,34.664734,0.13827054232063915,0.11866216752670165,0.1284663549236704,677.540087215295,"Valley County, ID",,,1,85,84
16087,188,18740.7675373,0.003920134862431826,0.2719854,0.2884062,0.9830302952987655,27.00761,34.012993,0.33959477847679953,0.11399939640135594,0.22679708743907773,4250.351493832457,"Washington County, ID",,,1,188,187
30001,555,55170.802207,0.005053004845241693,0.27112493,0.29543078,2.3294906454118594,30.87215,44.157806,0.43773342532342263,0.2701448050681359,0.35393911519577925,19527.104917786924,"Beaverhead County, MT",,,6,555,549
30003,826,100852.0268843,0.0037432453541332163,0.2647531,0.2793276,1.011894562087993,27.794308,32.623493,0.32427113388456424,0.11734670828714028,0.22080892108585226,22269.027245643647,"Big Horn County, MT",,,7,826,819
30005,672,83672.6887,0.0031144813425874962,0.26172316,0.27641726,0.8405769610875728,32.25711,36.392735,0.26980235086861615,0.09747946390985424,0.1836409073892352,15365.728476565006,"Blaine County, MT",,,4,672,668
30007,152,14748.138339,0.003398494935921724,0.2553835,0.2739897,0.7214517915825241,34.462658,37.818615,0.2944059771971515,0.08366483633964548,0.1890354067683985,2787.920329989478,"Broadwater County, MT",,,1,152,151
30009,258,28389.866115,0.004743504807348039,0.26152673,0.2821796,0.6993953161409707,29.258808,32.551685,0.41092195059220493,0.08110700582404146,0.2460144782081232,6984.318098680203,"Carbon County, MT",,,2,258,256
30011,238,32804.974974,0.0014616066364401246,0.28009441,0.28661612,0.5570021477165353,29.407116,32.687466,0.1266165576799046,0.06459405059804942,0.095605304138977,3136.3296096607987,"Carter County, MT",,,1,238,237
30013,391,42440.553314,0.0025647460144082256,0.2546956,0.26881394,0.7274049606188535,28.753424,32.053898,0.2221796915608953,0.0843552094441799,0.1532674505025376,6504.755404353802,"Cascade County, MT",,,2,391,389
30015,656,82403.219462,0.004053082798861426,0.2544735,0.27641726,1.0606509643555373,29.220215,33.76585,0.3511118376100024,0.12300085796674143,0.23705634778837192,19534.206251665408,"Chouteau County, MT",,,6,656,650
30019,249,32136.051527,0.0015405524175210537,0.2607957,0.26725763,0.8490070605817396,29.63673,33.376987,0.13345549970069642,0.09845708002050146,0.11595628986059894,3726.377305839955,"Daniels County, MT",,,1,249,248
30021,62,8672.84042,0.0008622249369260578,0.2681967,0.27122647,0.41078174191615774,31.435097,33.340908,0.07469311560136897,0.04763726088106693,0.06116518824121795,530.4759168753437,"Dawson County, MT",,,1,62,61
30023,56,4198.938898,0.004660668934702158,0.2673898,0.2814075,1.1990525852766916,33.139034,40.19849,0.40374601639394636,0.13905092409536024,0.2713984702446533,1139.5855935679704,"Deer Lodge County, MT",,,1,56,55
30027,686,83566.519854,0.0027305824483293715,0.25871572,0.27510935,1.0106963211654874,31.464752,36.265,0.2365458266601092,0.11720775148940746,0.17687678907475834,14780.977705927564,"Fergus County, MT",,,3,686,683
30029,208,11680.4801707,0.004988189636910617,0.24014993,0.2556847,3.5515766556098294,30.09168,46.872013,0.4321185913731781,0.4118668538995691,0.4219927226363736,4929.077628933867,"Flathead County, MT",,,1,208,207
30031,223,18545.8915344,0.004517130572953344,0.2529366,0.2734579,1.3886397968297752,35.30241,42.15231,0.3913115262879675,0.16103684638669621,0.2761741863373319,5121.896504413332,"Gallatin County, MT",,,2,223,221
30033,117,13455.435789,0.0014678556503353942,0.2650015,0.2717339,0.9370509205770337,29.7587,35.8365,0.12715789938470146,0.10866729118521287,0.11791259528495716,1586.5653545710852,"Garfield County, MT",,,1,117,116
30035,414,51347.7780409,0.00162355279700448,0.25376827,0.26404274,1.2546196422348501,33.84422,41.861977,0.1406456848533264,0.1454948871993708,0.14307028602634858,7346.341291129023,"Glacier County, MT",,,2,414,412
30037,189,23457.761806,0.002994950708351366,0.26565325,0.2767003,0.4951100123105333,28.953903,31.55477,0.2594476103611865,0.05741658504890188,0.1584320977050442,3716.4624103898464,"Golden Valley County, MT",,,1,189,188
30039,100,8225.967572,0.0043457055957141204,0.2587303,0.2737183,0.9514276606795055,30.646307,34.651264,0.37646126495414406,0.11033452331604242,0.24339789413509325,2002.183184248366,"Granite County, MT",,,1,100,99
30041,487,62072.9313317,0.002035962682318496,0.2582843,0.27402484,0.9475961105130221,31.898746,36.14604,0.1763720689088931,0.10989018868225794,0.14313112879557552,8884.568729156468,"Hill County, MT",,,2,487,485
30043,150,13190.9260935,0.0050954739386522155,0.2553835,0.27568394,0.8489656280356103,35.8413,40.185165,0.44141245241687066,0.09845227519884674,0.2699323638078587,3560.6578612332182,"Jefferson County, MT",,,1,150,149
30045,251,29428.8103873,0.0028150214947651343,0.25930506,0.27049688,1.1970156899994662,29.340761,33.799084,0.24386064114364886,0.1388147107932403,0.1913376759684446,5630.840186022004,"Judith Basin County, MT",,,2,251,249
30047,165,11102.4936311,0.003782877496849882,0.23944153,0.25876155,2.0659820008650533,30.556196,41.517063,0.32770440064673834,0.2395864117322056,0.283645406189472,3149.1713157093855,"Lake County, MT",,,1,165,164
30049,255,23802.4426515,0.004124543647405529,0.25622556,0.27338988,1.7605421219845094,30.748745,37.469456,0.35730237234483153,0.20416536520311296,0.2807338687739722,6682.151811826201,"Lewis and Clark County, MT",,,2,255,253
30051,241,31742.116193,0.002050982905700673,0.25629964,0.26623413,1.0504911620260995,31.197674,35.913475,0.1776732459375268,0.12182265284055964,0.14974794938904323,4753.316809170494,"Liberty County, MT",,,1,241,240
30053,139,7338.1749886,0.003552277663193973,0.24085718,0.2548439,4.0591701870706896,38.90063,52.974857,0.3077279196900128,0.47073111930472034,0.38922951949736656,2856.2343248003713,"Lincoln County, MT",,,1,139,138
30055,322,42186.125964,0.0013937918054376065,0.2640415,0.2702385,0.8510792726446165,28.048256,32.19209,0.12074187139488848,0.09869738891587664,0.10971963015538255,4628.646138458461,"McCone County, MT",,,1,322,321
30057,340,33427.135951,0.005746214216384489,0.25855467,0.28208482,2.3098661990249094,33.02591,43.88453,0.4977850029074765,0.2678690104629013,0.3828270066851889,12796.810398180192,"Madison County, MT",,,3,340,337
30059,286,30807.191606,0.0028444151067547703,0.2621341,0.2784011,1.121392645140489,31.238924,36.41358,0.2464069609776714,0.13004490836783697,0.18822593467275417,5798.712434681976,"Meagher County, MT",,,2,286,284
30061,23,765.31703,0.006839703953965808,0.24501349,0.2622917,3.0972571170558725,31.71947,40.464165,0.5925122044533493,0.3591806310881421,0.47584641777074566,364.1733671844463,"Mineral County, MT",,,1,23,22
30063,126,6697.4498127,0.0027914665402200907,0.25417712,0.26770967,1.7516494763386135,28.517807,38.07242,0.24182011451600297,0.20313410885130825,0.2224771116836556,1490.0292899757362,"Missoula County, MT",,,1,126,125
30065,304,40646.1684,0.0012703616304766926,0.26573712,0.2709958,1.0244759930841152,28.65717,33.11567,0.11004932014495478,0.11880574321849742,0.11442753168172609,4651.040722331774,"Musselshell County, MT",,,1,304,303
30067,213,21325.760378,0.003880922512125451,0.25803116,0.27789655,1.2618793541106945,32.216377,37.970036,0.33619787763457,0.14633677658553917,0.24126732711005458,5145.209204989567,"Park County, MT",,,2,213,211
30069,262,35112.101331,0.0008706253699696864,0.26702157,0.27066016,1.1136377114414269,31.999016,37.331417,0.07542083117715162,0.12914558943020754,0.10228321030367958,3591.3784446427803,"Petroleum County, MT",,,1,262,261
30071,687,80695.518857,0.002525638208365867,0.26057476,0.27415845,1.2216675746724905,30.095417,36.72006,0.2187918472147878,0.1416735239817255,0.18023268559825667,14543.970079341874,"Phillips County, MT",,,3,687,684
30073,249,31210.539418,0.002275540191578758,0.25492215,0.26395574,0.9214741971806335,30.791454,35.219273,0.1971262710066218,0.10686090019849277,0.1519935856025573,4743.801794731772,"Pondera County, MT",,,1,249,248
30075,214,27502.344432,0.0012245099625584717,0.27586502,0.28363973,0.6362419833643517,28.896395,31.420416,0.10607726623458989,0.07378328258611169,0.08993027441035079,2473.2933816977434,"Powder River County, MT",,,1,214,213
30077,196,17500.102832,0.003637647706382592,0.25968716,0.27450988,0.7321737030143392,31.818993,35.547874,0.31512338487745517,0.08490822775631005,0.2000158063168826,3500.2971785708405,"Powell County, MT",,,1,196,195
30081,90,4109.9097095,0.004388407840093842,0.25936994,0.27827966,1.6012754894517238,29.994566,43.295757,0.38016048952918785,0.18569563943530637,0.2829280644822471,1162.8087993056295,"Ravalli County, MT",,,1,90,89
30083,230,31124.473034,0.0014237891189051825,0.26510707,0.27099282,0.9363777090512602,31.28367,35.239666,0.12334048888622684,0.108589220643587,0.11596485476490692,3609.3449950220715,"Richland County, MT",,,1,230,229
30085,343,41846.692864,0.0010257929520844466,0.26453298,0.26919162,1.2889729521059936,29.126738,34.56334,0.08886274134713854,0.1494787487430365,0.11917074504508751,4986.901566275827,"Roosevelt County, MT",,,1,343,342
30087,158,18853.106216,0.001958946132174384,0.26960748,0.278605,1.2803168690661924,28.424019,33.346535,0.16970025296299668,0.14847492592449615,0.1590875894437464,2999.2952214303514,"Rosebud County, MT",,,1,158,157
30089,145,10568.8967405,0.004214650091641343,0.24194865,0.25901967,2.6577500164880927,32.36327,41.395622,0.36510814409591136,0.30821216712680577,0.33666015561135854,3558.12642129711,"Sanders County, MT",,,1,145,144
30091,297,34422.803251,0.0014295363798921242,0.2604194,0.26771516,0.9485193519332491,32.16764,36.52483,0.12383836456913078,0.1099972545225906,0.11691780954586069,4024.6387545350517,"Sheridan County, MT",,,1,297,296
30093,76,5261.4925817,0.004361139617907978,0.26746792,0.28208482,2.419275106015094,27.200228,38.32395,0.3777982886872199,0.28055686903395627,0.32917757886058807,1731.965389236951,"Silver Bow County, MT",,,1,76,75
30095,254,30362.1494649,0.0018547900977578832,0.26322523,0.2730116,1.0151834566606486,28.396175,32.37487,0.16067738852696262,0.11772811260184297,0.1392027505644028,4226.49471856159,"Stillwater County, MT",,,1,254,253
30097,239,28182.4315335,0.0027334805785877324,0.2657052,0.27888796,0.8110286163498581,29.762104,33.656017,0.2367968868755413,0.09405282133244018,0.16542485410399074,4662.074624724945,"Sweet Grass County, MT",,,1,239,238
30099,322,37329.491627,0.004195107750999721,0.25514516,0.2721717,0.8173270836235202,29.614523,33.639297,0.36341522355261324,0.09478323775082019,0.22909923065171672,8552.157812365402,"Teton County, MT",,,2,322,320
30101,338,41247.972575,0.002051948413407671,0.2556514,0.26520452,1.0153775239456353,31.733187,36.274616,0.17775688626812303,0.11775061806627835,0.14775375216720069,6094.54271724604,"Toole County, MT",,,2,338,336
30103,85,10741.302004,0.0017912711072520964,0.26787043,0.27372426,0.2809910640118773,31.342712,32.707447,0.15517484377611662,0.03258578280315692,0.09388031328963677,1008.3967972741232,"Treasure County, MT",,,1,85,84
30105,802,99970.803138,0.002175613022866209,0.25883907,0.269477,0.9535814748275727,27.344582,31.348652,0.18846974618959023,0.11058429538717249,0.14952702078838137,14948.336359046909,"Valley County, MT",,,3,802,799
30107,224,28637.627781,0.002182470013315413,0.26659644,0.2784011,0.6527098035037816,30.769138,33.250286,0.1890637558944427,0.07569301168084985,0.13237838378764627,3791.0028811609786,"Wheatland County, MT",,,1,224,223
30111,446,52604.3986178,0.0019782348271550638,0.26322523,0.2709958,1.029126027599169,27.719963,32.101913,0.17137120060356004,0.11934499529495605,0.14535809794925805,7646.475326847987,"Yellowstone County, MT",,,2,446,444
32001,584,56256.4683785,0.004343509691577403,0.2978798,0.3159283,1.9100662544264388,26.403828,34.028214,0.37627103742243045,0.22150527927019242,0.29888815834631144,16814.39222871737,"Churchill County, NV",,,4,584,580
32003,486,39302.3626156,0.0051220555958419066,0.30502442,0.33001164,1.9226480249270934,22.628979,33.414143,0.4437151772724333,0.22296435357298294,0.33333976542270816,13101.040334842319,"Clark County, NV",,,3,486,483
32005,79,5556.7695063,0.0021321471450493163,0.30999365,0.3193405,1.2095373572159596,23.159657,29.245203,0.18470436931697656,0.1402668150787802,0.1624855921978784,902.8949839382678,"Douglas County, NV",,,1,79,78
32007,2132,199916.9853824,0.004333438872950518,0.2815584,0.309496,2.009972735430318,31.445559,43.308426,0.3753986191152308,0.2330911668928768,0.3042448930040538,60823.72182736127,"Elko County, NV",,,21,2132,2111
32009,519,60489.928551,0.005028433107241494,0.31411764,0.337749,1.0361263289861748,31.353275,36.669525,0.4356048164321991,0.12015680153995455,0.2778808089860768,16808.990281261864,"Esmeralda County, NV",,,4,519,515
32011,557,55815.470129,0.0033449515511623,0.28682187,0.30410516,0.8256192279686784,32.65898,36.76379,0.2897676026196516,0.09574485557149341,0.19275622909557252,10758.77954726261,"Eureka County, NV",,,3,557,554
32013,1098,121475.8311392,0.0036508569179411767,0.2952149,0.3164853,3.434074107497353,31.42711,43.125507,0.31626767695681185,0.3982403973961381,0.35725403717647497,43397.73109384695,"Humboldt County, NV",,,14,1098,1084
32015,646,63751.896562,0.0032166298562236917,0.29551896,0.31271777,1.1179206466990381,30.590181,35.775043,0.2786513071105193,0.12964226998677714,0.2041467885486482,13014.744947017907,"Lander County, NV",,,3,646,643
32017,1151,123844.946653,0.00441959192457699,0.30141708,0.32261193,2.5672689754628064,27.909573,39.35731,0.38286191502440337,0.29771932259090667,0.340290618807655,42143.27353275039,"Lincoln County, NV",,,14,1151,1137
32019,258,21147.3903908,0.0022762577559266783,0.3091527,0.31879508,1.1083846847818448,24.482906,29.258253,0.19718843241543205,0.12853640996611934,0.1628624211907757,3444.1152009122325,"Lyon County, NV",,,1,258,257
32021,419,44608.319223,0.004545613655901649,0.30401012,0.32391337,2.1787723659311538,27.336582,37.66233,0.3937789685019748,0.25266640896007964,0.3232226887310272,14418.420879030027,"Mineral County, NV",,,3,419,416
32023,1841,189144.519183,0.006673405809922506,0.2962835,0.3294426,3.891604916459786,23.362118,41.945328,0.5781060721723658,0.45129902265538235,0.514702547413874,97353.16585286245,"Nye County, NV",,,42,1841,1799
32027,860,94765.675834,0.0032594027734737614,0.3002406,0.31523237,2.0774418946472215,27.083057,37.329376,0.2823566539590543,0.24091538498993595,0.2616360194744951,24794.114208018113,"Pershing County, NV",,,7,860,853
32029,40,2916.803766,0.001804554028745324,0.31171143,0.3177647,0.38606965451505615,23.647406,25.529638,0.15632552122480498,0.04477146614308591,0.10054849368394544,293.2802250429593,"Storey County, NV",,,1,40,39
32031,635,57542.373450600004,0.0044180280228882565,0.29879472,0.3177647,3.6351463272541555,23.761213,38.574505,0.3827264368160808,0.42155820539755856,0.4021423211068197,23140.223621419722,"Washoe County, NV",,,7,635,628
32033,991,103733.642789,0.004334219436539386,0.2918484,0.3110951,2.0877787075678644,32.24215,41.66149,0.37546623804375007,0.24211411756135573,0.3087901778025529,32031.930000921824,"White Pine County, NV",,,10,991,981
32510,14,955.2177776,0.0013587364941263845,0.31315675,0.31623033,1.0360983892926874,25.483204,28.52789,0.11770508794305981,0.12015356144836384,0.11892932469571182,113.60340522730664,"Carson City, NV",,,1,14,13
35001,136,13612.982261,0.002203677404612968,0.30964506,0.3187837,0.5762589233483966,23.251474,25.810358,0.1909009170132559,0.06682720740834013,0.12886406221079802,1754.2241929559939,"Bernalillo County, NM",,,1,136,135
35003,499,58180.159928,0.002654416977255724,0.30884525,0.32255423,0.7904527782614914,27.754585,33.027775,0.22994773828189688,0.09166669637398918,0.16080721732794304,9355.789621716378,"Catron County, NM",,,2,499,497
35006,637,71452.0632258,0.0026448199938070628,0.31045532,0.3233786,1.0601069122511597,24.738165,30.371223,0.22911636752995498,0.1229377656980631,0.17602706661400905,12577.497093156282,"Cibola County, NM",,,3,637,634
35007,525,58593.635703,0.0036855627659461696,0.29475027,0.31457564,1.381857225153167,29.121323,34.947258,0.31927418698228427,0.16025028967437507,0.23976223832832966,14048.541247946012,"Colfax County, NM",,,3,525,522
35013,21,753.3108173,0.0009644600714006679,0.31466714,0.31898317,0.2576497800652301,22.81709,23.817482,0.08354957566277453,0.02987895647860124,0.056714266070687885,42.72347012627955,"Dona Ana County, NM",,,1,21,20
35017,54,4283.1863435000005,0.0030287321013423726,0.31166384,0.32573786,1.569075492014203,24.31257,33.346294,0.26237403638273976,0.1819614917802873,0.22216776408151354,951.5859330798687,"Grant County, NM",,,1,54,53
35019,135,18822.41447,0.0012176063728076636,0.31274033,0.31723294,0.5082090862954945,27.14641,29.249996,0.10547921970956141,0.05893564965438125,0.08220743468197134,1547.3424080995171,"Guadalupe County, NM",,,1,135,134
35021,168,19832.895418,0.001335208355690274,0.30815443,0.31380096,0.7213843132426575,29.677656,32.80222,0.11566688435043497,0.08365701105689301,0.09966194770366399,1976.5849859609532,"Harding County, NM",,,1,168,167
35023,330,31160.039714,0.002683518668835169,0.31091774,0.32352868,0.5322184587876198,29.642096,31.92037,0.23246876953516632,0.06171995242222803,0.1470943609786972,4583.466129801656,"Hidalgo County, NM",,,1,330,329
35027,20,2481.402531,0.0009617599504171011,0.31563258,0.31924766,0.2712489232753606,27.824879,29.05064,0.08331566866226228,0.03145601277579227,0.057385840719027276,142.39737040375715,"Lincoln County, NM",,,1,20,19
35028,9,283.26699,0.003832733228751747,0.31340834,0.32068044,0.24444868541730866,25.51487,26.32198,0.3320233199760875,0.028348060809467425,0.1801856903927775,51.040658158634,"Los Alamos County, NM",,,1,9,8
35029,8,600.5716585,0.0016507914225239388,0.3190707,0.32352868,3.0950578075586432,22.62078,30.36232,0.1430053217851933,0.3589255830429466,0.2509654524140699,150.7227379825208,"Luna County, NM",,,1,8,7
35031,888,103642.365174,0.002205293716827591,0.3088354,0.32183287,1.191296347058413,23.08056,29.138538,0.19104093545847176,0.13815145387612335,0.16459619466729755,17059.138913958846,"McKinley County, NM",,,4,888,884
35033,296,34588.536402,0.002109757655589826,0.30532515,0.31443807,0.558333437664663,30.187323,32.982986,0.1827648049958431,0.06474843673573771,0.12375662086579041,4280.560385804904,"Mora County, NM",,,1,296,295
35039,570,52828.9184688,0.0034900193724427195,0.2960974,0.31666178,1.6644756142516917,26.546776,34.170864,0.30233458726703066,0.19302478901914194,0.2476796881430863,13084.650051288916,"Rio Arriba County, NM",,,3,570,567
35043,491,53543.4317942,0.0027848899764518903,0.3028893,0.3233786,1.7972359256921708,23.038004,29.476015,0.24125039770921558,0.2084206475625156,0.2248355226358656,12038.465471166779,"Sandoval County, NM",,,3,491,488
35045,875,94386.4263079,0.0022581490103819072,0.3039755,0.3165202,1.4037502829900304,24.238914,32.481915,0.19561970183661864,0.1627891690870628,0.17920443546184073,16914.466241767852,"San Juan County, NM",,,4,875,871
35047,547,61245.6079061,0.002167885091679604,0.30532515,0.3174762,1.7521492193187442,25.671808,32.871082,0.18780028833380333,0.20319206270925463,0.19549617552152898,11973.282113133668,"San Miguel County, NM",,,3,547,544
35049,258,22846.1034814,0.0031495423319939475,0.30273065,0.31836668,1.0428412958498356,23.532597,28.80028,0.27283962620441293,0.12093551830277799,0.19688757225359546,4498.113849907261,"Santa Fe County, NM",,,1,258,257
35051,7,291.822482,0.0023863929321287806,0.31655,0.32124472,0.32713780906777823,30.398243,31.15149,0.20672925998319958,0.037937297509691076,0.12233327874644533,35.69960103498552,"Sierra County, NM",,,1,7,6
35053,465,49749.4705103,0.0032640387517723804,0.31154096,0.32694077,1.4841252573537063,25.347128,31.52273,0.28275826106661334,0.1721100400785807,0.22743415057259703,11314.728566946545,"Socorro County, NM",,,3,465,462
35055,154,10475.2195672,0.004570713456164819,0.2985915,0.31523734,2.1628522732435296,23.381771,35.72578,0.395953322550829,0.2508201983542394,0.3233867604525342,3387.5473208658054,"Taos County, NM",,,1,154,153
35057,490,60497.7823187,0.0018985037594890588,0.30964506,0.32027587,0.7384784948154189,24.52135,28.132347,0.16446423050892428,0.0856393776132337,0.125051804061079,7565.356820647882,"Torrance County, NM",,,2,490,488
35059,52,7081.525894,0.0034500874587230774,0.3006442,0.31385294,0.6532381883784305,29.18739,31.7423,0.2988753518402769,0.07575428706276398,0.18731481945152045,1326.4747442758771,"Union County, NM",,,1,52,51
35061,174,18498.4763387,0.0028983406744776744,0.307226,0.3197252,0.45451958218841787,23.859451,26.141888,0.2510784434311437,0.05270942133714035,0.15189393238414203,2809.806314200149,"Valencia County, NM",,,1,174,173
41001,320,27691.511247,0.004255434262685843,0.27209476,0.28769606,1.5066227155427758,27.62809,34.329777,0.3686412091605722,0.1747190101849793,0.2716801096727757,7523.232812589862,"Baker County, OR",,,2,320,318
41003,80,4482.0490109,0.002677715297998186,0.24387577,0.25748143,2.9994094919050944,28.973974,40.11877,0.231966033149056,0.34783350347687686,0.28989976831296643,1299.3449698272705,"Benton County, OR",,,1,80,79
41005,140,5838.9367155,0.005667384070056244,0.2379989,0.27428108,1.7102127112062608,30.45973,38.851486,0.49095607813343767,0.1983287979300642,0.34464243803175093,2012.345385143024,"Clackamas County, OR",,,1,140,139
41007,112,9154.915588,0.002883912254355637,0.23191074,0.2438095,2.5492825894916313,31.453556,43.76106,0.24982853333696037,0.295633489474713,0.27273101140583667,2496.8293876503,"Clatsop County, OR",,,1,112,111
41009,108,8076.7232398,0.0022351280529612364,0.23666711,0.24585016,2.055833608546601,31.368391,39.437145,0.193625434493799,0.2384095297945069,0.21601748214415295,1744.7134182367615,"Columbia County, OR",,,1,108,107
41011,94,4619.7315978,0.005381789166192883,0.24789758,0.26619768,4.12052653402674,29.586405,46.09356,0.4662154654976224,0.47784645089911043,0.4720309581983664,2180.656332728804,"Coos County, OR",,,1,94,93
41013,379,39046.130877,0.003667537126661546,0.27956948,0.2954142,1.599856172114013,33.67025,40.247437,0.3177126557608897,0.18553104499648307,0.2516218503786864,9824.859701399102,"Crook County, OR",,,2,379,377
41015,26,892.0146729,0.0034477333112637207,0.2490992,0.26162183,2.808534079944272,42.47085,54.091953,0.2986714159520953,0.32569819202670364,0.31218480398939946,278.4734258149548,"Curry County, OR",,,1,26,25
41017,272,24570.5562799,0.005303063807612985,0.2807015,0.29713273,1.9689785157946127,25.81837,37.3422,0.4593956183123492,0.22833717679026794,0.34386639755130854,8448.988673800894,"Deschutes County, OR",,,2,272,270
41019,246,10605.1508556,0.0035367436662052643,0.25015414,0.27828607,3.9651006732488114,28.522242,48.173965,0.3063822353063466,0.45982212916804927,0.38310218223719794,4062.8564357350474,"Douglas County, OR",,,1,246,245
41021,207,20603.627022,0.002189076719633731,0.27035782,0.2789474,1.2815302776217923,31.668404,36.401016,0.18963608390033138,0.14861564167210653,0.16912586278621894,3484.6061966212046,"Gilliam County, OR",,,1,207,206
41023,365,28267.366426,0.004370280516356369,0.27072716,0.29036593,2.787295173316067,30.62529,44.137924,0.37859014955236736,0.3232351727816007,0.35091266116698405,9919.37677672992,"Grant County, OR",,,2,365,363
41025,1279,144617.168678,0.00404691844952982,0.28226486,0.3061779,2.9978940976902013,30.727543,43.814934,0.3505778302558723,0.34765776725935227,0.3491177987576123,50488.42759142167,"Harney County, OR",,,16,1279,1263
41027,32,1376.7958776,0.0030025412340014502,0.259152,0.27275085,0.8010903507985946,33.705544,36.290527,0.2601051650033408,0.0929003072344122,0.1765027361188765,243.0082394735898,"Hood River County, OR",,,1,32,31
41029,228,14301.047779,0.0075420130877546015,0.26701194,0.29902145,1.1642345997804153,27.207714,32.798878,0.6533520793762457,0.13501317536119706,0.3941826273687214,5637.224587651838,"Jackson County, OR",,,2,228,226
41031,241,19925.0365893,0.0025332054268244353,0.27447453,0.28448865,1.284365942351275,33.33779,38.887177,0.21944738279361456,0.1489444861330592,0.18419593446333687,3670.1107337822923,"Jefferson County, OR",,,1,241,240
41033,90,2129.1984664,0.003077882454846747,0.26746443,0.28427666,2.251309980674783,27.893612,35.767494,0.26663184995194444,0.2610784023001777,0.2638551261260611,561.799929899388,"Josephine County, OR",,,1,90,89
41035,560,49096.3401676,0.00348412160806353,0.2813667,0.30040652,3.196488675129101,24.886866,41.799557,0.30182367372498564,0.3706882497021504,0.33625596171356803,16508.937079672818,"Klamath County, OR",,,4,560,556
41037,1007,105923.391243,0.002871085160973755,0.28579077,0.30478853,2.001468391142604,32.71626,42.443684,0.2487173435212051,0.23210494081192573,0.2404111421665654,25465.163470885604,"Lake County, OR",,,7,1007,1000
41039,244,14614.7145482,0.0028003155235691653,0.24756795,0.26580152,4.058233108996567,28.952852,45.840523,0.24258668726046964,0.470622448864611,0.3566045680625403,5211.673968818185,"Lane County, OR",,,2,244,242
41041,64,2740.7814068,0.002688305757230796,0.23837002,0.24667788,2.6706042246549764,30.85495,45.065407,0.23288346705969318,0.30970283529771575,0.27129315117870445,743.5552245427746,"Lincoln County, OR",,,1,64,63
41043,204,12261.7696047,0.0032553477212378897,0.24401273,0.26987934,1.8697831987479876,29.515299,38.77695,0.282005371512384,0.21683376095126822,0.2494195662318261,3058.325256038864,"Linn County, OR",,,1,204,203
41045,1403,155530.33517,0.005488404847148175,0.27392995,0.30258584,4.3746077160933075,26.806355,44.730553,0.4754514050320356,0.5073115666041442,0.49138148581808994,76424.72718562013,"Malheur County, OR",,,29,1403,1374
41047,149,7686.241057,0.0025397164384004796,0.24411623,0.26987934,1.8535788254874672,29.876524,39.218002,0.2200114209227658,0.21495458308707008,0.21748300200491794,1671.6267792098135,"Marion County, OR",,,1,149,148
41049,298,31601.173888,0.0035165041736035267,0.2627683,0.28263077,1.0154385035022029,32.212757,37.00274,0.3046289216455237,0.11775768970249828,0.21119330567401098,6673.956376585958,"Morrow County, OR",,,2,298,296
41051,27,1097.9321751,0.0021041823403907312,0.23711678,0.24367584,1.6692634986505446,31.823017,37.40883,0.18228182469123172,0.19358002717824954,0.18793092593474064,206.3354102800868,"Multnomah County, OR",,,1,27,26
41053,105,5301.3961776,0.002379755638840477,0.24192742,0.25285566,2.0836355351203224,30.020626,38.51534,0.20615428227885377,0.24163364492438275,0.22389396360161826,1186.9506028253325,"Polk County, OR",,,1,105,104
41055,132,14816.326486,0.0017248820729989843,0.27138498,0.27940968,0.724830173881887,32.070957,35.145042,0.1494236718976858,0.08405661830687707,0.11674014510228142,1729.6601038584154,"Sherman County, OR",,,1,132,131
41057,61,2908.952525,0.00333097955010741,0.23508622,0.25014785,1.9543627727142576,35.76149,44.001244,0.28855723135192196,0.22664222812277912,0.25759972973735057,749.3453842587836,"Tillamook County, OR",,,1,61,60
41059,436,43270.9796867,0.004988772267452886,0.2536708,0.2748781,2.0529756050207344,27.817677,40.065544,0.43216906369029956,0.23807809476303343,0.33512357922666647,14501.125589251282,"Umatilla County, OR",,,3,436,433
41061,203,17675.812897,0.0041080555798043905,0.26351738,0.28028554,1.6745204200667037,27.75337,39.934116,0.3558740384070941,0.1941896583068501,0.2750318483569721,4861.411492273915,"Union County, OR",,,1,203,202
41063,209,18760.3844222,0.004104228678991107,0.26287666,0.2761336,2.097082072859581,37.998238,44.976074,0.3555425203395923,0.2431930039729232,0.29936776215625777,5616.254301665133,"Wallowa County, OR",,,2,209,207
41065,357,35180.0482617,0.004295066964315454,0.25914106,0.28214955,1.2638482054540014,27.40536,39.052685,0.37207452434044724,0.1465650990144759,0.25931981167746154,9122.883490028053,"Wasco County, OR",,,2,357,355
41067,92,5510.4995004,0.00135524423018702,0.24345748,0.2505361,1.9689271932389538,30.560522,38.468803,0.11740255891268475,0.22833122505063705,0.1728668919816609,952.5829219006431,"Washington County, OR",,,1,92,91
41069,244,18657.572092,0.0022896503745921766,0.27575055,0.28458574,1.2545744788468585,36.016533,40.913567,0.19834861274813437,0.14548964972195516,0.17191913123504476,3207.5935850118562,"Wheeler County, OR",,,1,244,243
41071,114,5993.5145154,0.0017081995857719805,0.24270482,0.2505361,1.1095046518433251,30.958912,37.482483,0.14797849571035893,0.12866628955335968,0.1383223926318593,829.0372680439068,"Yamhill County, OR",,,1,114,113
46007,172,23511.092307,0.0015862604323889835,0.28490597,0.29086626,0.8859411355292369,30.70253,33.86641,0.1374151091856772,0.10274022599351289,0.12007766758959504,2823.157126708231,"Bennett County, SD",,,1,172,171
46019,380,47736.380447999996,0.001816554633614964,0.2779274,0.28751487,0.719125346637205,25.791925,31.038269,0.15736511371213205,0.0833950447362781,0.12038007922420507,5746.509260207034,"Butte County, SD",,,2,380,378
46033,173,15052.6990363,0.0027781081638404317,0.28268057,0.29359734,1.4334583921358122,26.66306,31.382587,0.24066290053570488,0.1662343391159432,0.20344861982582405,3062.450843588747,"Custer County, SD",,,1,173,172
46041,79,10292.870365,0.0014592497450931386,0.2774553,0.28257778,0.603832081197267,32.693188,35.312946,0.1264123840932905,0.07002479284053192,0.09821858846691121,1010.9511985232012,"Dewey County, SD",,,1,79,78
46047,260,23625.9050237,0.0011569048362211724,0.28508854,0.29107875,0.7961103570443606,28.421072,31.875505,0.10022074631676005,0.09232279066673342,0.09627176849174673,2274.5076588496427,"Fall River County, SD",,,1,260,259
46055,300,40458.746492,0.0013332205937396733,0.28161147,0.28644902,0.9479349023990267,29.11183,32.7925,0.11549468783093561,0.1099294774719269,0.11271208265143126,4560.189578579609,"Haakon County, SD",,,1,300,299
46063,384,51553.388247,0.0027982275404970555,0.27589372,0.28753778,1.0811554901483933,30.037977,34.195827,0.24240580875151022,0.12537871302884934,0.1838922608901798,9480.269121290054,"Harding County, SD",,,2,384,382
46065,5,574.616798,0.0013639337783778159,0.27771372,0.28084186,0.21099259842112927,35.427742,35.94286,0.11815532005393951,0.02446824780496938,0.07131178392945445,40.97694894121097,"Hughes County, SD",,,1,5,4
46071,307,37141.544991,0.001484801394752507,0.2805808,0.28790942,0.8463830654710656,29.485247,33.669487,0.12862588110558645,0.09815278231959894,0.11338933171259269,4211.454965302684,"Jackson County, SD",,,1,307,306
46075,171,20539.048826,0.0007581244981538017,0.27964383,0.2832378,0.7183811744139833,32.679337,35.547153,0.0656750673237463,0.0833087450721969,0.07449190619797161,1529.9928985419508,"Jones County, SD",,,1,171,170
46081,59,4294.727149,0.001902388492222948,0.2779274,0.28563827,0.6844094742985117,28.51512,31.650227,0.16480075845974795,0.0793691377921236,0.12208494812593577,524.3215412007131,"Lawrence County, SD",,,1,59,58
46085,13,1157.350355,0.00014550722943973513,0.2811972,0.28163517,0.12097576443159291,35.184017,35.54895,0.01260504984711327,0.014029236118509212,0.013317142982811241,15.412600158742348,"Lyman County, SD",,,1,13,12
46093,558,75272.984367,0.0020838664663608724,0.27998024,0.2890857,1.2359026792367707,25.61403,31.01866,0.1805218942340299,0.14332433101768252,0.1619231126258562,12188.435925342053,"Meade County, SD",,,3,558,555
46095,173,23953.949728,0.0010568137108850127,0.28060174,0.28490597,0.7775751952307046,32.59653,35.62416,0.09155001820947727,0.09017331748257681,0.09086166784602703,2176.4958237859655,"Mellette County, SD",,,1,173,172
46102,328,41784.337698,0.0018294590994068856,0.28217736,0.2909885,0.8095790218182682,28.29446,31.64894,0.15848300617138547,0.09388471572835223,0.12618386094986886,5272.509057966796,"Oglala Lakota County, SD",Oglala Lakota County,SD,2,328,326
46103,325,31171.3167792,0.001692382011435335,0.2820116,0.29251808,1.4840278157894298,25.822838,32.173916,0.14660824549157914,0.17209874004076392,0.15935349276617153,4967.258202886288,"Pennington County, SD",,,1,325,324
46105,320,43938.862259,0.0023268065024631373,0.2762375,0.28754428,1.0397865402639443,29.517515,34.072964,0.2015673864526612,0.12058126646068248,0.16107432645667186,7077.422643640904,"Perkins County, SD",,,2,320,318
46107,79,9781.704533,0.0013015428755586069,0.27471524,0.27967912,0.2639788569816845,33.370537,34.49909,0.1127504996675528,0.03061292261545796,0.07168171114150537,701.1693188060597,"Potter County, SD",,,1,79,78
46117,206,26365.091457,0.0016873042473864609,0.27432153,0.28356487,0.8700916410058329,32.115696,35.53197,0.14616836721752782,0.10090220246811837,0.1235352848428231,3257.0190830475767,"Stanley County, SD",,,1,206,205
46119,10,1388.31756,0.0005672922693912848,0.27789965,0.27928162,0.07865964160892715,33.692413,33.933468,0.04914358799279308,0.009121948435820438,0.02913276821430676,40.44553368333192,"Sully County, SD",,,1,10,9
46121,148,20036.799955,0.0016183677761471662,0.2838426,0.28912157,0.7596972217873403,33.55921,36.21063,0.14019651509993053,0.08810005667752342,0.11414828588872697,2287.1663695585717,"Todd County, SD",,,1,148,147
46137,278,37731.111769,0.00199374971743266,0.2786506,0.2867723,0.9095344528057788,29.918673,33.644455,0.17271522980454618,0.1054762799498297,0.13909575487718795,5248.237473864606,"Ziebach County, SD",,,2,278,276
49001,369,40146.832215,0.0036304361194614354,0.2956745,0.3111696,1.715793417806319,33.163387,39.305447,0.31449865706861724,0.19897597756119279,0.256737317314905,10307.190001570707,"Beaver County, UT",,,3,369,366
49003,627,55332.9520627,0.004091910329279896,0.27863008,0.29868194,2.0274476743140837,26.176676,39.245773,0.354475402143872,0.2351176888570798,0.2947965455004759,16311.963120427394,"Box Elder County, UT",,,4,627,623
49005,110,6148.5469531,0.004317857011619152,0.27748072,0.2931358,2.9689756965153675,26.042109,35.5068,0.37404878832298133,0.34430417755353204,0.35917648293825666,2208.413469795192,"Cache County, UT",,,1,110,109
49007,139,9458.619632,0.00472627804498194,0.2905241,0.307441,1.4352696561050502,24.788284,38.582817,0.40942962475269057,0.16644438655822869,0.28793700565545965,2723.486614472026,"Carbon County, UT",,,1,139,138
49009,32,1962.882484,0.00817691418767291,0.28148097,0.30338854,1.0684651287481688,28.694307,33.05251,0.7083525081746782,0.12390704572962234,0.41612977695215025,816.8138502502027,"Daggett County, UT",,,1,32,31
49011,1,13.5,0.0,0.27655792,0.27655792,0.0,27.126692,27.126692,0.0,0.0,0.0,0.0,"Davis County, UT",,,1,1,0
49013,295,28528.274902,0.002986428408870896,0.2893549,0.30515242,1.210963893808468,25.116354,37.2559,0.25870933769819254,0.14043224671529042,0.19957079220674148,5693.41042248384,"Duchesne County, UT",,,2,295,293
49015,405,21266.500976,0.002916809207614641,0.2905241,0.30690235,1.8199111504440177,33.083637,43.17989,0.25267834181207566,0.21105023278215526,0.23186428729711545,4930.94209210365,"Emery County, UT",,,1,405,404
49017,221,13101.195113,0.0038900212495194524,0.29399186,0.31343466,4.753058787841238,33.880054,49.197147,0.3369860861575333,0.5511995260628079,0.44409280611017055,5818.146501129023,"Garfield County, UT",,,2,221,219
49019,279,14947.8566285,0.003709384900519874,0.2925978,0.31243604,3.221456288865692,34.486183,45.281586,0.32133785897248285,0.37358367714641705,0.3474607680594499,5193.79374498115,"Grand County, UT",,,2,279,277
49021,443,43276.0807736,0.004709571878350123,0.29266822,0.3130484,1.5930312336653782,24.255089,35.95884,0.4079823972578158,0.1847395751228264,0.29636098619032114,12825.34197651609,"Iron County, UT",,,3,443,440
49023,462,45215.861831,0.0041980594970025915,0.2886043,0.30868465,4.778730257099511,27.393309,43.989872,0.36367092841102794,0.5541765777510161,0.45892375308102207,20750.633010275455,"Juab County, UT",,,7,462,455
49025,154,10189.458426,0.0036236679618422488,0.2987004,0.3130484,2.976422211349483,32.001305,43.085808,0.3139123428044294,0.34516772997957906,0.32954003639200424,3357.834500518854,"Kane County, UT",,,1,154,153
49027,966,110233.614483,0.004277908621123003,0.2870413,0.3051699,2.7089161110664755,30.62225,44.342903,0.3705881255404186,0.3141457623842923,0.34236694396235545,37740.345712469156,"Millard County, UT",,,13,966,953
49029,38,2896.248324,0.004928291410175462,0.28049663,0.2930567,1.2124588332759192,27.360651,31.28285,0.42692970737987085,0.14060561085041529,0.28376765911514307,821.8616071176365,"Morgan County, UT",,,1,38,37
49031,70,4530.916292,0.002767932787187451,0.29207876,0.30414906,3.1119545506511774,30.817268,41.00563,0.23978142454019705,0.36088505318634867,0.30033323886327284,1360.7847649947305,"Piute County, UT",,,1,70,69
49033,150,12392.566063,0.0018198923436864994,0.2863134,0.29335734,1.118479828318362,29.96603,34.842686,0.15765425399738736,0.12970711678487332,0.14368068539113033,1780.5723856867016,"Rich County, UT",,,1,150,149
49035,25,917.996944,0.0027858058355175828,0.28093988,0.28904027,0.9888696071751696,26.05379,29.984964,0.2413297370603972,0.11467656579531343,0.17800315142785533,163.40634903314043,"Salt Lake County, UT",,,1,25,24
49037,760,62711.1721814,0.004163064958417531,0.29502118,0.3126148,5.222725019797631,30.175661,47.407833,0.3606394095996268,0.6056654638972624,0.4831524367484446,30299.055650794682,"San Juan County, UT",,,9,760,751
49039,158,10933.6418575,0.00304504329361984,0.28520712,0.2982445,0.9581034048480181,27.53161,34.300694,0.2637870479046758,0.11110869152772405,0.18744786971619992,2049.48787442825,"Sanpete County, UT",,,1,158,157
49041,152,9777.418178,0.0046099067688997325,0.28053412,0.3011978,2.3109826446470594,30.788986,41.16161,0.3993485741998317,0.2679984816782328,0.33367352793903227,3262.4656175884847,"Sevier County, UT",,,1,152,151
49043,131,9743.481718000001,0.002769224040062752,0.28231797,0.29224,1.7522537370115878,26.385237,34.2428,0.23989328363421641,0.20320418334679186,0.22154873349050414,2158.6560344107816,"Summit County, UT",,,1,131,130
49045,489,41053.5064399,0.0037885021691251,0.28093988,0.3043897,4.693384740853559,27.363312,43.479042,0.3281916566729563,0.5442792863001523,0.4362354714865543,17908.995737986068,"Tooele County, UT",,,5,489,484
49047,527,37157.8192905,0.002919082891042633,0.2949836,0.30641457,2.7886318687343112,24.492857,41.27883,0.25287530723473367,0.3233901857772134,0.28813274650597354,10706.384526344411,"Uintah County, UT",,,3,527,524
49049,144,10021.1596395,0.005169767324583347,0.2791253,0.29781714,2.091433384414874,26.125286,34.161636,0.4478483651655262,0.24253794066893805,0.3451931529172321,3459.235691845918,"Utah County, UT",,,1,144,143
49051,58,3097.6451333,0.0035397735596455256,0.28620735,0.29821804,3.4000377643737876,25.662724,34.144722,0.3066447099475929,0.39429329363916116,0.35046900179337703,1085.6285977777634,"Wasatch County, UT",,,1,58,57
49053,154,7126.0515772,0.004902292283249895,0.29945722,0.31847754,3.418750903887499,23.715315,36.83032,0.4246774461545004,0.3964634064215847,0.4105704262880425,2925.7460338015817,"Washington County, UT",,,1,154,153
49055,223,13998.009385,0.003545680676190342,0.28823128,0.30618858,3.809148908225629,30.923578,48.0313,0.30715643365222817,0.4417368197270359,0.374446626689632,5241.50739458306,"Wayne County, UT",,,2,223,221
49057,33,1401.8654708,0.005674767676808436,0.2780182,0.29383668,2.1723173970882956,26.5232,35.401478,0.4915957077348068,0.2519178434729379,0.3717567756038723,521.1529872550124,"Weber County, UT",,,1,33,32
53001,346,39969.673549,0.001702647279652239,0.2576406,0.2641702,0.4440278353398708,32.783108,34.892097,0.1474975086441131,0.05149272149213029,0.0994951150681217,3976.787268993015,"Adams County, WA",,,1,346,345
53003,66,5133.662798,0.004356532117085133,0.25187334,0.269756,0.6568018362888176,37.131363,40.424515,0.37739914853613454,0.07616755378782214,0.22678335116197834,1164.2292530660184,"Asotin County, WA",,,1,66,65
53005,277,29025.2603058,0.003192178539362433,0.26030612,0.27604643,1.2318193330065008,28.427189,34.96643,0.27653313010274816,0.14285079626725344,0.2096919631850008,6086.363815478879,"Benton County, WA",,,2,277,275
53007,44,1594.0431303,0.002586442347419259,0.261299,0.2744996,0.7455440493436181,28.803654,31.958153,0.2240592088890492,0.0864587510906409,0.15525897998984506,247.48951047019767,"Chelan County, WA",,,1,44,43
53009,148,9788.873481,0.006506830850828333,0.22074707,0.24239285,8.623118422818887,30.765574,55.759003,0.5636759598628428,1.0,0.7818379799314215,7653.313068189302,"Clallam County, WA",,,2,148,146
53011,88,2915.5793431,0.0007486714969741247,0.23637155,0.23915157,1.3853952084686052,33.49561,39.65884,0.0648561695168576,0.1606605801449403,0.11275837483089896,328.755988418496,"Clark County, WA",,,1,88,87
53013,95,9524.165033,0.0011814099121495879,0.2569505,0.26360452,0.7456968055785311,36.125072,39.14935,0.10234358038331688,0.08647646582299442,0.09441002310315566,899.1766408037972,"Columbia County, WA",,,1,95,94
53015,122,7642.6968219,0.0015128852559204244,0.23328678,0.24047583,2.630988260795996,31.43644,40.700058,0.131058739399185,0.30510867783443113,0.21808370861680806,1666.7476667538447,"Cowlitz County, WA",,,1,122,121
53017,310,34694.0173561,0.004397744751054555,0.25581425,0.272767,1.6939406602920124,27.365273,34.27551,0.38096933063303545,0.1964417716692177,0.28870555115112656,10016.3554024396,"Douglas County, WA",,,2,310,308
53019,175,10379.3090386,0.003982149151837738,0.24015255,0.25659883,2.864958448571149,33.896553,44.28559,0.34496697346810457,0.332241575273948,0.33860427437102625,3514.4784054877873,"Ferry County, WA",,,1,175,174
53021,219,23880.441246899998,0.002001694533090776,0.25716624,0.2641702,0.9750454140202489,28.639074,35.759212,0.173403476002225,0.11307341105742437,0.14323844352982468,3420.5972350113816,"Franklin County, WA",,,1,219,218
53023,91,9546.998789,0.001747943812138585,0.2589033,0.26938036,0.5290059518762424,36.289337,40.103767,0.15142147209314746,0.061347406580473586,0.10638443933681052,1015.6521135169739,"Garfield County, WA",,,1,91,90
53025,471,48879.309697,0.002747374580708535,0.2564334,0.26816693,1.1395561261983276,28.2903,34.69441,0.23800050122503413,0.1321512787279811,0.18507588997650762,9046.381743609614,"Grant County, WA",,,2,471,469
53027,272,23151.8712125,0.0019468196988346518,0.22439046,0.2361157,2.795603947577267,32.564617,46.968723,0.16864976016409197,0.3241987191291973,0.24642423964664462,5705.182259937353,"Grays Harbor County, WA",,,2,272,270
53029,34,468.9421698,0.004934830995316494,0.22584458,0.23827648,3.141127923740779,33.57864,43.709198,0.427496220789545,0.36426821130376497,0.39588221604665497,185.64586537815075,"Island County, WA",,,1,34,33
53031,112,8077.446456,0.006767549107928892,0.21982777,0.2407369,2.0533295121687223,42.187843,51.29705,0.5862615498672635,0.23811913642924218,0.41219034314825287,3329.4454264602787,"Jefferson County, WA",,,1,112,111
53033,84,2070.8777973,0.003636801185217714,0.21782295,0.23754166,1.08801869129635,32.62475,38.714634,0.3150500521535691,0.12617462012549724,0.22061233613953318,456.8611887218437,"King County, WA",,,1,84,83
53035,42,1033.0453254,0.0014903541925516436,0.231641,0.2372978,5.423266212836876,31.58435,47.01752,0.12910691076520242,0.6289216901493064,0.3790143004572544,391.53895134711775,"Kitsap County, WA",,,1,42,41
53037,154,9181.2339625,0.005552262333436744,0.2527696,0.27971458,1.4000171677204938,28.684158,35.511738,0.48098327311088,0.16235624968523044,0.32166976139805525,2953.3253380570964,"Kittitas County, WA",,,1,154,153
53039,296,31213.570119,0.005876012072781941,0.26453376,0.28489408,1.3978460587551134,29.013227,34.629753,0.5090291758344029,0.16210447198035338,0.33556682390737813,10474.238587643073,"Klickitat County, WA",,,3,296,293
53041,226,15055.7139711,0.004091514637862836,0.23252128,0.24977005,2.1907414022303615,31.619902,41.72307,0.3544411240529805,0.25405442611493334,0.30424777508395695,4580.667478007621,"Lewis County, WA",,,1,226,225
53043,410,48367.921252,0.0025375917167350832,0.2513836,0.2612714,0.7983562448898398,30.993244,34.921047,0.2198273598104301,0.0925832402785045,0.1562053000444673,7555.325651695827,"Lincoln County, WA",,,2,410,408
53045,115,7749.9085851,0.0020303326721960273,0.22955775,0.23789118,2.9944366612134705,31.918634,42.034107,0.1758843504738248,0.3472568175904272,0.261570584032126,2027.1481148001944,"Mason County, WA",,,1,115,114
53047,426,35198.8740851,0.003917778245892421,0.24363425,0.26642254,2.3153494984214658,31.364141,42.588764,0.3393906286963102,0.2685048940409403,0.3039477613686252,10698.61898086226,"Okanogan County, WA",,,3,426,423
53049,109,7860.8592275,0.0019372761661723453,0.22957821,0.23737152,1.5883670806437395,40.88703,46.96828,0.1678230197650814,0.1841986857608879,0.17601085276298467,1383.596536082052,"Pacific County, WA",,,1,109,108
53051,95,5896.961556,0.001024780909934078,0.24328622,0.24717839,2.605670733249967,32.62334,42.056202,0.08877506981492743,0.302172671820756,0.19547387081784173,1152.701901415323,"Pend Oreille County, WA",,,1,95,94
53053,114,5129.8654284,0.0027397811555554415,0.23033884,0.24223153,2.262187434242598,31.616627,41.36021,0.2373426954037453,0.2623398315227,0.24984126346322266,1281.652060027762,"Pierce County, WA",,,1,114,113
53055,9,298.58981600000004,0.0017651405179506482,0.23975867,0.24532883,0.5894437390862927,46.938633,48.6914,0.1529111941832583,0.06835621525578031,0.1106337047195193,33.03409753559961,"San Juan County, WA",,,1,9,8
53057,131,5249.0576315,0.0025845154263277018,0.22173944,0.23495838,2.6287353976840815,32.514385,42.619656,0.22389228291221588,0.30484741931965154,0.2643698511159337,1387.6925845386106,"Skagit County, WA",,,1,131,130
53059,36,1323.0355515,0.008056053327671106,0.23711678,0.26453376,1.4719949057022916,35.170765,40.744987,0.6978825324164036,0.17070331561341334,0.4342929240149085,574.5849782366121,"Skamania County, WA",,,1,36,35
53061,134,5423.7704666,0.0038106537496144593,0.21782295,0.23471896,1.6313971394946385,33.276615,41.8214,0.33011061133476827,0.18918876669692503,0.2596496890158466,1408.2803149460233,"Snohomish County, WA",,,1,134,133
53063,271,19356.3156704,0.0034388088848265747,0.24464814,0.2560334,0.8590471088252408,29.516682,33.279636,0.2978983076980912,0.09962139758535513,0.1987598526417232,3847.2584503353814,"Spokane County, WA",,,1,271,270
53065,317,23893.9351221,0.003803130156153548,0.23812994,0.2529968,3.0839256081248565,30.8365,42.343945,0.32945885491710186,0.3576346116231029,0.3435467332701024,8208.68335616522,"Stevens County, WA",,,2,317,315
53067,93,3913.8831956,0.001438186525626614,0.23090109,0.23859961,2.4298553218228296,31.852661,39.292496,0.12458771234097601,0.28178382838774846,0.20318577036436225,795.2453722141179,"Thurston County, WA",,,1,93,92
53069,37,2766.505807,0.002940158902124354,0.23049517,0.23797274,1.384224462360839,40.64856,44.81957,0.2547010871034476,0.16052481184739867,0.20761294947542314,574.3624303321557,"Wahkiakum County, WA",,,1,37,36
53071,217,23017.8077927,0.00308456226350683,0.25335276,0.26514712,1.7797861492605835,28.897055,39.47961,0.267210510692402,0.20639704362065034,0.23680377715652617,5450.703827174283,"Walla Walla County, WA",,,2,217,215
53073,92,2452.3722289,0.0025127523653680787,0.22011587,0.23577273,5.292318530977722,31.383036,45.73404,0.2176755680172895,0.6137360374146027,0.4157058027159461,1019.4653659731684,"Whatcom County, WA",,,1,92,91
53075,379,43509.594304,0.0019451782603742294,0.2523826,0.2630458,1.0198382586137031,32.715454,37.622196,0.16850756507389433,0.11826791754534657,0.14338774130962045,6238.742452548488,"Whitman County, WA",,,2,379,377
53077,522,46359.8633643,0.004315426681647626,0.2622809,0.28241527,1.0751122591297941,27.593431,33.10365,0.3738382528701796,0.12467789567690307,0.24925807427354132,11555.570265769917,"Yakima County, WA",,,3,522,519
56001,609,66155.68172,0.0034101474765346083,0.28236514,0.2974129,1.2015230438462212,25.569324,33.074017,0.2954154174554567,0.1393374165738808,0.21737641701466875,14380.685057456418,"Albany County, WY",,,3,609,606
56003,432,45662.6285143,0.004122695392845547,0.27187,0.2874849,1.4737260330141158,31.168005,40.95605,0.3571422611190977,0.17090406982168713,0.2640231654703924,12055.991724044086,"Big Horn County, WY",,,3,432,429
56005,799,97010.003238,0.0030439719592416656,0.27854937,0.2914337,1.060549611579327,25.590078,30.505123,0.263694239985153,0.12298910435612857,0.1933416721706408,18756.0762433142,"Campbell County, WY",,,5,799,794
56007,1167,137786.8099094,0.0030850169181974112,0.2832111,0.2984534,2.176215168638449,30.025312,42.037315,0.2672498966738413,0.2523698576236237,0.2598098771487325,35798.37415527697,"Carbon County, WY",,,12,1167,1155
56009,545,62982.407173,0.002081478019095597,0.28521737,0.29544088,1.190875803220796,28.786692,33.805233,0.18031498701057494,0.13810268453109104,0.159208835770833,10027.35572005789,"Converse County, WY",,,2,545,543
56011,445,54793.550805,0.0018189816849102452,0.27767745,0.28751847,1.2804633115600834,26.67819,31.814684,0.15757536513865095,0.14849190846917554,0.15303363680391324,8385.256353089138,"Crook County, WY",,,2,445,443
56013,1142,133289.4489809,0.004159743550987306,0.28640765,0.30758047,1.8135312707181581,25.37178,39.934048,0.3603516815851373,0.21031037517925177,0.28533102838219454,38031.615550216244,"Fremont County, WY",,,13,1142,1129
56015,32,4525.66794,0.0002154673353583876,0.28486976,0.2863867,0.23228287902771322,27.683077,28.523441,0.018665577738472616,0.026937224753058677,0.022801401245765646,103.19157060503765,"Goshen County, WY",,,1,32,31
56017,288,32265.091033,0.0041428044618313925,0.2827845,0.30758047,0.6496823609075998,33.831272,37.036865,0.358884276398487,0.07534192725318266,0.21711310182583485,7005.17399486756,"Hot Springs County, WY",,,2,288,286
56019,583,73596.264922,0.004817198855499572,0.2683826,0.29614815,0.9996402643699366,27.068995,32.969646,0.41730594370349133,0.11592561012784461,0.26661577691566796,19621.92535027035,"Johnson County, WY",,,6,583,577
56021,471,52578.1044263,0.0016794823932084308,0.28449485,0.29228726,0.696945624000835,25.540777,28.625017,0.1454907729688396,0.08082292157284375,0.11315684727084169,5949.572532357194,"Laramie County, WY",,,2,471,469
56023,450,47306.8126718,0.005092417590784694,0.27574366,0.3008157,1.600028722865607,28.010334,34.17266,0.4411476860724865,0.18555105524603935,0.31334937065926294,14823.559978604175,"Lincoln County, WY",,,3,450,447
56025,879,110140.916957,0.0033114668104013735,0.2823745,0.3039847,1.1488775885514184,25.666698,35.947365,0.286866875088557,0.13323226380739553,0.21004956944797626,23135.052185423156,"Natrona County, WY",,,7,879,872
56027,145,20308.446735,0.0007176514514048184,0.2855531,0.28797305,0.48445588522558564,29.958721,32.036797,0.06216895444055944,0.05618105440180393,0.05917500442118169,1201.752425330958,"Niobrara County, WY",,,1,145,144
56029,405,43882.934231,0.005602047686584747,0.27096415,0.29924992,1.2155382989315806,30.826963,35.77753,0.4852960956455612,0.1409627282532695,0.31312941194941535,13741.0373903679,"Park County, WY",,,3,405,402
56031,110,13679.499723,0.0021674115041580644,0.28188205,0.29193097,0.6715774656405334,28.064041,31.031206,0.1877592622326332,0.07788104403893778,0.1328201531357855,1816.9132480297953,"Platte County, WY",,,1,110,109
56033,324,35335.693027,0.004887309855716652,0.26264098,0.28277767,0.816059485521683,27.115393,30.683937,0.4233795433175455,0.09463623778634296,0.25900789055194423,9152.223312114314,"Sheridan County, WY",,,2,324,322
56035,522,59490.380793,0.00321536263668878,0.2880197,0.3045532,5.342305184983255,28.571276,46.608837,0.27854152998489945,0.6195328561006659,0.44903719304278267,26713.39360433499,"Sublette County, WY",,,8,522,514
56037,1647,206710.038692,0.003152082436526761,0.2833612,0.30081072,2.6569803073178195,25.05742,42.56126,0.2730596712453107,0.3081229060112172,0.290591288628264,60068.13651590659,"Sweetwater County, WY",,,21,1647,1626
56039,23,658.2361078,0.002647626674207577,0.27062193,0.28089473,3.3042716267342005,26.479788,37.1541,0.229359505595944,0.38318755057222537,0.3062735280840847,201.60029504824192,"Teton County, WY",,,1,23,22
56041,363,39298.3862945,0.0028812226429070554,0.28101346,0.29282713,1.1393386013800082,28.230719,34.42994,0.2495955367600255,0.13212605295609053,0.190860794858058,7500.521244807283,"Uinta County, WY",,,2,363,361
56043,357,43020.774047,0.0023466132536828664,0.2827845,0.29406542,1.0752941423789437,31.53702,36.85301,0.20328321244560585,0.12469898819126171,0.16399110031843378,7055.024072518249,"Washakie County, WY",,,2,357,355
56045,393,44085.695937,0.0012997852462732743,0.2855531,0.29204625,1.0021356148626372,26.680727,31.188776,0.1125982391589879,0.1162149892561768,0.11440661420758236,5043.69520713714,"Weston County, WY",,,1,393,392
