county_group,candidate_rows,metric_mean,metric_std,metric_min,metric_max,capacity_mw,model_regions,n_model_regions,assigned_clusters,max_possible_clusters,remaining_capacity
04001,1720,27.885292801744185,2.223027322380305,23.177225,33.92041,211973.675664,"AZ2,AZ3",2,2,1720,1718
04003,872,27.850477152522934,1.35156263868115,23.407148,30.43854,87336.8008875,"AZ2,AZ4",2,2,872,870
04005,2078,31.450453048604427,3.0625779465064964,23.610842,42.467392,239935.439366,"AZ1,AZ2,AZ3,AZ4,NV2",5,5,2078,2073
04007,309,30.40946780582524,1.9620239034294467,25.506811,34.226707,25990.6716735,"AZ2,AZ3,AZ4",3,2,309,307
04009,621,29.838680557165862,1.3462109135401947,22.86842,33.68598,60980.8475629,"AZ2,AZ4",2,2,621,619
04011,45,30.099348955555556,0.30767249532401647,29.16533,30.710361,4337.814204,AZ4,1,1,45,44
04012,404,27.017519574257424,1.1382410031816679,23.984173,31.331976,39248.6941086,"AZ1,AZ2",2,1,404,403
04013,781,26.894031929577462,2.06670095094339,23.25871,32.571564,60036.9645918,"AZ1,AZ2",2,2,781,779
04015,1447,28.00280416033172,4.466206039466679,22.663147,39.776836,133885.8975593,"AZ1,NV2,UT1",3,8,1447,1439
04017,1556,29.858732138817484,1.7710869465464023,26.53824,36.259624,179979.2473464,"AZ2,AZ3,AZ4",3,2,1556,1554
04019,1090,27.039194344036698,1.6573186497859722,23.811724,31.835915,112874.4380709,"AZ2,AZ4",2,2,1090,1088
04021,815,25.744454719018407,1.0617957346208449,23.541727,29.00992,73114.050413,"AZ2,AZ4",2,1,815,814
04023,100,26.319458989999998,0.7978206761373975,24.904562,28.101164,6690.0835144,AZ4,1,1,100,99
04025,825,28.37154087151515,1.6261364763390724,23.565632,32.92073,68798.9656589,"AZ1,AZ2",2,2,825,823
04027,181,29.926939331491713,2.2708493133604435,23.5279,32.91069,12523.4323434,"AZ1,AZ2,CA3",3,2,181,179
06001,37,29.215082945945948,1.5055826747711862,26.839663,32.80469,1767.2231395,CA4,1,2,37,35
06003,15,30.6836284,0.7560509042739104,29.972454,32.834755,590.0262815,"CA4,NV1",2,1,15,14
06005,76,30.03898222368421,0.8454289257465095,28.103865,31.963997,4430.3611447,CA4,1,1,76,75
06007,193,31.90912643523316,1.1856858351043025,29.711096,34.870834,10616.7734857,CA4,1,2,193,191
06009,129,31.79361381395349,1.264946637998385,25.884043,34.18569,8638.9809065,CA4,1,2,129,127
06011,143,29.274076167832167,0.6644661030888008,26.661554,30.60517,10702.180936,CA4,1,1,143,142
06013,27,29.491492111111114,1.8451446310670714,26.701675,32.47627,812.9630517,CA4,1,2,27,25
06015,20,56.01153985,0.7115558013657768,55.194508,58.315144,339.0796088,OR1,1,1,20,19
06017,142,29.93136517605634,1.358304772695758,27.070621,32.33157,5279.9993787,"CA4,NV1",2,2,142,140
06019,571,35.96990906654991,1.5347221406869287,26.14811,38.50791,42713.9383792,CA4,1,2,571,569
06021,151,31.20267329139073,0.5534634082421178,30.013275,32.487923,13533.6327516,CA4,1,1,151,150
06023,123,47.95842658536586,4.611375863918193,38.39715,60.967754,5511.561918,"CA1,CA4,OR1",3,9,123,114
06025,376,32.567750026595746,1.4117163623278113,25.298174,34.99414,27048.242808,"AZ1,CA2,CA3",3,2,376,374
06027,168,33.941374107142856,1.7550667551492154,28.040928,36.831738,10137.938453,NV2,1,2,168,166
06029,841,36.10811384066587,3.913042130442315,24.778572,41.033405,68806.4374467,"CA2,CA4,NV2",3,7,841,834
06031,168,37.360778351190476,0.6051885225978187,36.2865,38.688904,12425.2514237,CA4,1,1,168,167
06033,86,32.32336503488372,1.234946060826894,29.653334,35.141464,4127.0818149,CA4,1,2,86,84
06035,497,32.57146692354125,1.7803742250160082,26.595345,38.320587,38238.174813,"CA1,NV1,OR2",3,2,497,495
06037,189,32.89143738624338,3.0619240074154734,25.92006,38.41648,12535.0138742,"CA2,NV2",2,5,189,184
06039,203,33.89688560098522,3.6738074070338507,25.932178,37.581547,15566.7792113,CA4,1,6,203,197
06041,22,31.194485681818183,1.7496681751958245,28.207844,34.565323,935.9250138,CA4,1,2,22,20
06043,115,35.60876365217391,1.2517182631626624,26.136,38.061302,9738.0316148,CA4,1,2,115,113
06045,181,37.386191000000004,2.139841782364811,33.444782,47.50868,8411.7625109,CA4,1,2,181,179
06047,227,34.51046688105727,1.7359281896807897,25.997156,36.12512,17109.370019,CA4,1,2,227,225
06049,374,32.96303882620321,2.115607245687062,30.335192,38.982548,28593.279143,"CA1,NV1,OR2",3,2,374,372
06051,69,34.282347,1.96009811511877,30.48952,38.516827,2654.8195479,"NV1,NV2",2,2,69,67
06053,299,36.65263237792642,3.258461120818549,26.235403,40.075047,19114.5381283,CA4,1,5,299,294
06055,89,30.156191303370786,1.668814578069282,25.986464,33.07067,3680.6805168,CA4,1,2,89,87
06057,111,31.04234917117117,1.6410347369547613,27.445103,34.174625,4086.1260768,"CA4,NV1",2,2,111,109
06059,13,29.272322999999997,1.930796137562473,26.907286,32.435314,578.6841264,"CA2,CA3",2,2,13,11
06061,97,29.344448783505154,2.128164194193666,26.195515,33.712326,3778.8398139,"CA4,NV1",2,2,97,95
06063,130,32.3083035,2.972579036982381,27.438862,36.790535,6925.0043485999995,"CA4,NV1",2,5,130,125
06065,406,28.858869231527095,1.9621519850502078,24.574028,33.18686,22152.3624066,"AZ1,CA2,CA3",3,2,406,404
06067,77,27.751707909090907,0.8889297605332995,26.238556,30.241491,3914.7187425,CA4,1,1,77,76
06069,155,34.074384787096776,1.4118407738838539,26.95888,37.369057,10187.5136465,CA4,1,2,155,153
06071,536,29.11027178358209,2.140704417609578,24.90186,34.56511,29588.7586259,"AZ1,CA2,NV2",3,2,536,534
06073,283,28.488238844522968,1.6234051576393587,24.9007,33.788914,11833.1710078,"AZ1,CA2,CA3",3,2,283,281
06077,157,29.555519751592357,2.0903403608071,25.897459,32.809914,8201.271758,CA4,1,2,157,155
06079,346,38.73954059537572,3.416419189165782,25.42027,43.58244,25227.2127866,"CA2,CA4",2,5,346,341
06081,18,32.54858911111111,2.7818083552358694,27.657143,36.12413,576.5184985,CA4,1,4,18,14
06083,176,40.293392511363635,4.18551169931133,25.280487,43.686974,11707.438853,"CA2,CA4",2,7,176,169
06085,56,30.51621325,2.5752139255578568,26.525444,35.66367,2500.3553902999997,CA4,1,4,56,52
06087,16,32.8370839375,2.1013010094015407,29.82075,36.80118,193.5764399,CA4,1,2,16,14
06089,329,32.25828060790273,1.5519715357723072,26.59369,35.79474,25017.3642242,"CA1,CA4",2,2,329,327
06091,49,29.83163987755102,2.0602269831251268,26.852789,33.564278,2164.172726,"CA4,NV1",2,2,49,47
06093,384,27.80016939322917,1.2954307282494217,24.19869,31.995974,25979.6805778,"CA1,OR2",2,2,384,382
06095,88,28.20634344318182,1.0767293286228934,25.954456,32.35413,4378.7752055,CA4,1,1,88,87
06097,136,31.304064683823526,3.8270100751971228,26.762745,39.58148,4949.9535951,CA4,1,6,136,130
06099,191,31.947030162303665,2.7293137003821824,25.933645,34.50422,12538.6977056,CA4,1,4,191,187
06101,72,28.408496513888892,0.9190081767648753,26.56451,29.817087,6033.735837,CA4,1,1,72,71
06103,321,33.44571820560748,1.1320389996949214,26.795378,36.39051,24552.5457638,"CA1,CA4",2,1,321,320
06105,49,36.54431340816326,4.644641638211665,30.754414,46.615124,1978.5845140000001,"CA1,CA4",2,9,49,40
06107,395,37.126776182278476,3.967259368693718,25.838688,40.510708,22952.0964047,"CA2,CA4,NV2",3,7,395,388
06109,100,34.281786350000004,1.4408466057734595,26.007124,37.69606,5360.3487567,CA4,1,2,100,98
06111,82,29.27481582926829,4.4935537671541566,25.37374,42.510544,2318.2984871,"CA2,NV2",2,8,82,74
06113,95,28.211589210526313,0.4489599888482897,26.836811,29.48415,6672.082393,CA4,1,1,95,94
06115,78,30.12286496153846,1.5957794047601248,28.179958,33.888405,4038.0044235,CA4,1,2,78,76
08001,178,27.393413314606743,1.20354789291312,25.405018,30.971691,19019.211944,CO1,1,2,178,176
08003,76,32.68345068421053,0.6160023893840699,31.339643,34.455883,6880.485277,CO2,1,1,76,75
08005,120,28.303796908333332,1.4052807663250535,25.46719,30.842428,12494.7694373,"CO1,CO2",2,2,120,118
08007,131,35.732959969465654,1.7862394703579225,32.617546,39.127686,7614.768364,"AZ3,NM1",2,2,131,129
08011,117,29.692657324786325,0.34795446611272357,28.880737,30.350218,14896.263953,CO2,1,1,117,116
08013,61,28.684855934426228,1.3278229899744152,26.036306,31.508055,1791.9803096,CO1,1,2,61,59
08014,2,26.178522,0.06315453505489273,26.133865,26.223179,42.037322,CO1,1,1,2,1
08015,49,33.01992057142857,0.8081664810726883,31.47026,35.16578,3305.466422,"CO1,CO2",2,1,49,48
08017,69,29.78206214492754,0.26000401881262225,29.35263,30.274582,7737.065047,CO2,1,1,69,68
08019,4,29.55814925,0.6275449530943963,29.190052,30.495586,104.4308063,CO1,1,1,4,3
08021,134,33.294284791044774,0.7390912101655674,32.033546,35.563396,10804.333996,"CO2,NM1",2,1,134,133
08023,148,32.07718604054054,0.8047625389303422,29.79517,33.63293,16398.375055,CO2,1,1,148,147
08025,140,27.63001462857143,0.49723698831994323,26.632307,28.52209,17619.174729,CO2,1,1,140,139
08027,82,28.900177280487807,0.3934467872640812,27.472866,29.725021,8088.805314,CO2,1,1,82,81
08029,123,38.5677263902439,1.957053390709133,25.6028,41.257645,7671.579797,"CO1,CO2",2,2,123,121
08031,3,26.335010333333333,0.7089332545679701,25.79808,27.138607,211.806147,CO1,1,1,3,2
08033,90,41.46785991111111,0.7895323554140623,40.215195,45.06328,8397.352539,"CO2,NM1",2,1,90,89
08035,82,27.18751701219512,0.8801528570063738,25.521824,28.815662,3811.6599934,"CO1,CO2",2,1,82,81
08037,67,37.4248766119403,3.633450697111243,25.038374,40.537804,4109.04865,CO1,1,6,67,61
08039,311,27.660573186495174,0.9742225120832293,25.903063,29.943045,36843.1573575,"CO1,CO2",2,1,311,310
08041,261,25.765595639846744,0.7473121849507707,24.227959,27.692406,25980.547827,CO2,1,1,261,260
08043,175,28.776092548571427,1.765974939100024,24.155378,31.847538,13724.148932,CO2,1,2,175,173
08045,187,36.32585211764706,2.7585147487022765,24.51355,43.474636,10160.2283281,"CO1,CO2,UT2,WY1",4,4,187,183
08047,11,29.21138390909091,0.6313058030109432,28.29846,30.090517,170.7742409,CO1,1,1,11,10
08049,135,34.675229674074075,0.9569997009424036,31.320507,37.871952,9923.123062,"CO1,WY4",2,1,135,134
08051,160,38.01135115625,1.8430658627231664,33.977253,42.218334,9838.8234534,"CO1,CO2",2,2,160,158
08053,4,38.69161425,0.6579321076141399,38.11826,39.351307,126.0000005,"CO2,NM1",2,1,4,3
08055,235,29.478414578723406,1.0388564312730268,27.916634,32.504707,25648.105267,CO2,1,1,235,234
08057,186,32.371456424731186,0.815931428520504,30.890928,34.47029,15755.1027216,WY4,1,1,186,185
08059,47,28.058707914893617,1.1793415819921809,26.206575,31.5318,808.8230975,CO1,1,2,47,45
08061,109,29.07896439449541,0.4756819536521392,28.099594,30.050905,14121.804844,CO2,1,1,109,108
08063,231,30.348859662337663,0.47825349553156066,29.368702,31.622414,29912.38168,"CO2,WY4",2,1,231,230
08065,20,33.90062215,0.7027306589805862,32.769913,35.209354,938.928921,"CO1,CO2",2,1,20,19
08067,179,31.687940044692738,1.1419065622398852,29.428864,34.973827,14420.6566225,"AZ3,NM1",2,1,179,178
08069,212,28.799634570754716,1.2935291950767793,25.932272,31.703037,12153.0100282,"CO1,WY4",2,2,212,210
08071,482,30.7643454626556,1.0950230119595623,28.165207,33.493305,52958.054274,CO2,1,1,482,481
08073,430,28.73026914883721,0.9144776010260735,26.707077,30.620724,55916.878264,"CO2,WY4",2,1,430,429
08075,242,30.11960991322314,0.6809478448373596,28.432713,31.464167,28989.4378765,"CO1,WY4",2,1,242,241
08077,297,41.04125016161616,4.288443665612691,24.375786,45.924908,21676.1442443,"CO1,CO2,NM1,UT1,UT2,WY1",6,7,297,290
08079,14,39.28398321428572,1.3212586670336024,37.867386,43.06731,409.052399,"CO2,NM1",2,2,14,12
08081,714,36.41934156862745,3.44400833179991,25.137217,41.956863,78172.935419,"CO1,WY1,WY4",3,5,714,709
08083,245,31.47596948979592,2.5439843843836285,29.035164,44.314114,20549.8827841,"AZ3,CO2,NM1",3,4,245,241
08085,280,40.909745167857146,3.635524643776157,24.84852,46.220898,23071.5729573,"CO2,NM1",2,6,280,274
08087,233,28.388492115879828,0.5421312330081784,27.230263,29.709187,24802.7647665,CO1,1,1,233,232
08089,204,28.942117088235292,0.858294714677846,27.48964,30.853373,19066.747259,CO2,1,1,204,203
08091,59,39.10335042372881,0.7687038101065733,37.673332,40.251038,4819.775669,CO2,1,1,59,58
08093,216,30.87439573611111,1.0382929408123125,26.301752,32.732613,18778.2043971,"CO1,CO2",2,1,216,215
08095,10,31.6899874,0.18546301238444163,31.424448,32.002346,1416.62991,"CO1,WY4",2,1,10,9
08097,24,37.58603620833333,0.7349004426895537,36.081127,39.214264,1077.4319686000001,CO1,1,1,24,23
08101,363,27.013521702479338,0.9212538297697759,24.208868,28.727367,39734.476162,CO2,1,1,363,362
08103,386,34.30764632901555,1.7645445941019058,31.990547,43.173813,28963.9090185,"CO1,UT1,UT2,WY1",4,2,386,384
08105,86,34.794236372093025,1.0964405377509256,32.78114,38.18836,6913.163816,CO2,1,1,86,85
08107,254,37.43990293700787,1.8272258974903324,25.566332,43.349823,20430.3160575,"CO1,WY4",2,2,254,252
08109,233,34.79824756223176,1.4079651239249644,32.44799,38.97793,17558.667129,"CO2,NM1",2,2,233,231
08113,183,42.023274207650275,1.4484414752832393,38.92185,46.167324,15989.561936,"CO2,NM1",2,2,183,181
08117,17,33.97622582352942,3.4186144131015683,25.469276,36.51592,750.1085820000001,"CO1,WY4",2,5,17,12
08119,51,28.175159156862748,0.7927304356135291,26.685051,29.853529,1978.3985235,CO2,1,1,51,50
08121,418,30.12670797368421,0.7593396060191939,28.719442,31.771103,57126.868458,"CO1,CO2,WY4",3,1,418,417
08123,688,27.225120494186047,0.8076473806916956,25.67317,29.337566,66265.1637526,"CO1,WY4",2,1,688,687
08125,350,32.05523419428572,0.6586856661797189,30.665052,33.987762,46287.6193336,"CO1,WY4",2,1,350,349
16001,87,26.821195218390805,0.4527544841055516,25.789528,27.829556,6232.2509071,ID1,1,1,87,86
16003,82,31.63412968292683,1.4428653812251102,29.6928,34.631092,7616.38318,OR3,1,2,82,80
16005,135,30.4307766962963,1.1870013507113872,28.248127,32.785698,11403.9786148,ID3,1,2,135,133
16007,107,32.20535793457944,0.7694737225868643,30.386599,33.391644,8520.948882,"ID3,WY1",2,1,107,106
16009,91,34.49266394505494,1.2243919399192924,32.492603,36.897644,8806.951262999999,"ID2,WA4",2,2,91,89
16011,343,27.89103350437318,0.7628255880745561,26.449377,29.873629,38253.3954965,ID3,1,1,343,342
16013,209,31.1592229138756,1.2015115084083456,28.418882,33.047695,19946.5905797,"ID1,ID3",2,2,209,207
16015,49,29.700319693877553,1.2424244750072708,27.317144,31.766914,2647.9503665,"ID1,OR3",2,2,49,47
16017,143,34.97239295804196,2.183551132887375,31.302399,39.534454,8044.2683375999995,ID2,1,2,143,141
16019,167,27.579877910179643,1.2779007951717993,26.073694,33.598785,15382.2004849,ID3,1,2,167,165
16021,66,38.906079030303026,1.0929269021221006,36.153816,40.724365,3632.260721,ID2,1,1,66,65
16023,277,28.33958788086643,0.6653673102784031,27.173805,30.554247,30966.098904,ID3,1,1,277,276
16025,76,30.68867389473684,0.6023404199666859,29.234097,31.874722,9350.673022,ID1,1,1,76,75
16027,90,28.17167901111111,0.5366950685459043,27.198132,29.09663,3817.6674209,"ID1,OR3",2,1,90,89
16029,215,30.18642792093023,0.9753046069685398,28.21386,33.641205,18687.340069,ID3,1,1,215,214
16031,338,33.16399416272189,0.9059842614750886,31.454054,35.835976,37449.0830735,ID3,1,1,338,337
16033,214,29.466395934579438,0.8541066149627408,27.947048,32.266006,24840.579205,ID3,1,1,214,213
16035,137,40.26929962773723,0.9924121014932152,38.082493,42.24972,11895.5408216,"ID2,WA4",2,1,137,136
16037,186,32.07778172043011,1.424771713288897,28.872562,34.234207,16311.469991,ID3,1,2,186,184
16039,278,28.943504255395684,1.1304724411943832,25.327843,31.254902,25867.9921586,ID1,1,1,278,277
16041,84,33.06013282142857,0.8314235904613406,31.362274,34.41983,6666.119803,ID3,1,1,84,83
16043,173,30.559255410404628,1.1610166790809817,28.286167,34.732307,16490.1924446,ID3,1,2,173,171
16045,71,28.421472492957747,0.7363709928694105,27.420824,30.322388,5169.4181889,"ID1,OR3",2,1,71,70
16047,121,31.468482049586775,0.8799145887952686,29.568586,33.13876,12391.9263351,ID1,1,1,121,120
16049,172,41.80514727906977,2.769012311463357,31.783218,46.840645,13834.111668,"ID2,MT1,OR3,WA2,WA4",5,4,172,168
16051,181,27.860932430939226,0.7194473002636584,26.471668,30.297947,20152.3290264,ID3,1,1,181,180
16053,107,33.59160728037383,0.5069823228808078,32.647156,34.73377,11270.941541,"ID1,ID3",2,1,107,106
16055,114,31.882028,1.3099623285951214,29.986233,35.85566,5347.0313015,"ID2,WA4",2,2,114,112
16057,143,35.85050093006993,1.7589319918102833,28.427975,38.519974,14707.5928705,"ID2,WA4",2,2,143,141
16059,175,33.777330268571426,3.2965253959564116,29.016489,40.715508,17676.9315147,ID3,1,5,175,170
16061,78,40.17586669230769,0.9704952807776347,38.49362,42.152775,7984.283178,"ID2,WA2",2,1,78,77
16063,194,32.54981694845361,0.620405195632067,31.008253,33.986496,22736.5837,"ID1,ID3",2,1,194,193
16065,70,29.244063014285715,0.865307002810512,27.961287,31.80975,6084.8672072,ID3,1,1,70,69
16067,115,32.10968129565217,0.8246012423558252,30.026276,33.72586,11875.1615729,ID3,1,1,115,114
16069,108,38.950517166666664,2.249081534189408,28.661419,41.057793,8875.4905953,"ID2,WA2,WA4",3,2,108,106
16071,157,32.23020917197452,0.799445613814502,30.426664,34.001457,15132.1952805,ID3,1,1,157,156
16073,1091,34.289745969752516,3.4873905074488416,27.590698,45.306656,126087.650664,"ID1,ID3,NV1,OR3",4,6,1091,1085
16075,69,27.57638823188406,0.3948926876803938,26.822718,28.44684,5057.7331028,OR3,1,1,69,68
16077,220,30.029495968181816,1.0212496963425155,26.182985,31.557812,24181.024121,ID3,1,1,220,219
16079,13,37.54510392307692,2.4331831166876685,34.75015,41.710064,465.28347140000005,"ID2,WA4",2,4,13,9
16081,55,31.71058889090909,0.9126079114586687,28.138594,32.73512,4404.1121336,"ID3,WY1",2,1,55,54
16083,309,33.21443226213592,0.8266550089801724,31.078062,35.837894,34146.326931999996,"ID1,ID3",2,1,309,308
16085,85,33.20273624705882,1.0232379228911221,30.296965,34.664734,5274.0664092,OR3,1,1,85,84
16087,188,28.59467639361702,0.9830302952987655,27.00761,34.012993,18740.7675373,OR3,1,1,188,187
30001,555,34.7221456018018,2.3294906454118594,30.87215,44.157806,55170.802207,"ID3,MT2",2,3,555,552
30003,826,30.515220980629543,1.011894562087993,27.794308,32.623493,100852.0268843,"MT3,WY2",2,1,826,825
30005,672,34.822266372023805,0.8405769610875728,32.25711,36.392735,83672.6887,"MT2,MT4",2,1,672,671
30007,152,36.78123310526316,0.7214517915825241,34.462658,37.818615,14748.138339,"ID3,MT2",2,1,152,151
30009,258,30.70573656589147,0.6993953161409707,29.258808,32.551685,28389.866115,MT3,1,1,258,257
30011,238,30.964934806722688,0.5570021477165353,29.407116,32.687466,32804.974974,"SD1,WY3",2,1,238,237
30013,391,30.155703818414324,0.7274049606188535,28.753424,32.053898,42440.553314,MT2,1,1,391,390
30015,656,31.38953720121951,1.0606509643555373,29.220215,33.76585,82403.219462,MT2,1,1,656,655
30019,249,31.608534437751004,0.8490070605817396,29.63673,33.376987,32136.051527,MT4,1,1,249,248
30021,62,32.3888,0.41078174191615774,31.435097,33.340908,8672.84042,MT4,1,1,62,61
30023,56,35.17561342857143,1.1990525852766916,33.139034,40.19849,4198.938898,"ID3,MT1,MT2",3,2,56,54
30027,686,33.79955079591837,1.0106963211654874,31.464752,36.265,83566.519854,"MT2,MT3",2,1,686,685
30029,208,39.309851740384616,3.5515766556098294,30.09168,46.872013,11680.4801707,MT1,1,6,208,202
30031,223,38.05368973991031,1.3886397968297752,35.30241,42.15231,18545.8915344,"ID3,MT2,MT3",3,2,223,221
30033,117,33.387649957264955,0.9370509205770337,29.7587,35.8365,13455.435789,"MT3,MT4",2,1,117,116
30035,414,36.03688373671498,1.2546196422348501,33.84422,41.861977,51347.7780409,MT2,1,2,414,412
30037,189,30.358344275132275,0.4951100123105333,28.953903,31.55477,23457.761806,MT3,1,1,189,188
30039,100,32.86096552,0.9514276606795055,30.646307,34.651264,8225.967572,MT1,1,1,100,99
30041,487,34.21809083367556,0.9475961105130221,31.898746,36.14604,62072.9313317,MT2,1,1,487,486
30043,150,37.6838185,0.8489656280356103,35.8413,40.185165,13190.9260935,"ID3,MT1,MT2,MT3",4,1,150,149
30045,251,31.795747693227092,1.1970156899994662,29.340761,33.799084,29428.8103873,"MT2,MT3",2,2,251,249
30047,165,35.23062992727273,2.0659820008650533,30.556196,41.517063,11102.4936311,MT1,1,2,165,163
30049,255,32.89269733333333,1.7605421219845094,30.748745,37.469456,23802.4426515,"MT1,MT2",2,2,255,253
30051,241,33.11524875518672,1.0504911620260995,31.197674,35.913475,31742.116193,MT2,1,1,241,240
30053,139,44.34045269064748,4.0591701870706896,38.90063,52.974857,7338.1749886,"ID2,MT1,WA4",3,7,139,132
30055,322,30.551832729813665,0.8510792726446165,28.048256,32.19209,42186.125964,MT4,1,1,322,321
30057,340,38.34577837941176,2.3098661990249094,33.02591,43.88453,33427.135951,"ID3,MT1,MT2",3,3,340,337
30059,286,33.78225400699301,1.121392645140489,31.238924,36.41358,30807.191606,"MT2,MT3",2,1,286,285
30061,23,35.585341434782606,3.0972571170558725,31.71947,40.464165,765.31703,"ID2,MT1",2,5,23,18
30063,126,31.365216261904763,1.7516494763386135,28.517807,38.07242,6697.4498127,MT1,1,2,126,124
30065,304,31.25223080592105,1.0244759930841152,28.65717,33.11567,40646.1684,MT3,1,1,304,303
30067,213,35.25859588732394,1.2618793541106945,32.216377,37.970036,21325.760378,"MT2,MT3",2,2,213,211
30069,262,33.996818396946566,1.1136377114414269,31.999016,37.331417,35112.101331,MT3,1,1,262,261
30071,687,32.33945047598253,1.2216675746724905,30.095417,36.72006,80695.518857,"MT3,MT4",2,2,687,685
30073,249,32.92411833333333,0.9214741971806335,30.791454,35.219273,31210.539418,MT2,1,1,249,248
30075,214,30.23794305140187,0.6362419833643517,28.896395,31.420416,27502.344432,"WY2,WY3",2,1,214,213
30077,196,33.41069773469388,0.7321737030143392,31.818993,35.547874,17500.102832,MT1,1,1,196,195
30081,90,31.963984566666667,1.6012754894517238,29.994566,43.295757,4109.9097095,"ID3,MT1",2,2,90,88
30083,230,32.942832717391305,0.9363777090512602,31.28367,35.239666,31124.473034,MT4,1,1,230,229
30085,343,31.47718986297376,1.2889729521059936,29.126738,34.56334,41846.692864,MT4,1,2,343,341
30087,158,30.717976246835445,1.2803168690661924,28.424019,33.346535,18853.106216,"MT3,WY2",2,2,158,156
30089,145,36.78814379310345,2.6577500164880927,32.36327,41.395622,10568.8967405,"ID2,MT1",2,4,145,141
30091,297,34.338777848484845,0.9485193519332491,32.16764,36.52483,34422.803251,MT4,1,1,297,296
30093,76,34.83722552631579,2.419275106015094,27.200228,38.32395,5261.4925817,"ID3,MT1",2,4,76,72
30095,254,30.06430798031496,1.0151834566606486,28.396175,32.37487,30362.1494649,MT3,1,1,254,253
30097,239,31.497169682008366,0.8110286163498581,29.762104,33.656017,28182.4315335,MT3,1,1,239,238
30099,322,31.44737588198758,0.8173270836235202,29.614523,33.639297,37329.491627,MT2,1,1,322,321
30101,338,33.9762746331361,1.0153775239456353,31.733187,36.274616,41247.972575,MT2,1,1,338,337
30103,85,32.04946414117647,0.2809910640118773,31.342712,32.707447,10741.302004,MT3,1,1,85,84
30105,802,29.167112407730674,0.9535814748275727,27.344582,31.348652,99970.803138,MT4,1,1,802,801
30107,224,32.03969792857143,0.6527098035037816,30.769138,33.250286,28637.627781,MT3,1,1,224,223
30111,446,29.44495936547085,1.029126027599169,27.719963,32.101913,52604.3986178,MT3,1,1,446,445
32001,584,29.347770684931508,1.9100662544264388,26.403828,34.028214,56256.4683785,NV1,1,2,584,582
32003,486,26.02937911728395,1.9226480249270934,22.628979,33.414143,39302.3626156,"AZ1,NV1,NV2",3,2,486,484
32005,79,27.82530443037975,1.2095373572159596,23.159657,29.245203,5556.7695063,NV1,1,2,79,77
32007,2132,36.39673829033771,2.009972735430318,31.445559,43.308426,199916.9853824,"ID1,ID3,NV1,NV2",4,2,2132,2130
32009,519,33.43952145857418,1.0361263289861748,31.353275,36.669525,60489.928551,"NV1,NV2",2,1,519,518
32011,557,34.50515906822262,0.8256192279686784,32.65898,36.76379,55815.470129,NV1,1,1,557,556
32013,1098,36.69155747632058,3.434074107497353,31.42711,43.125507,121475.8311392,"ID1,NV1,OR2",3,5,1098,1093
32015,646,32.9851220371517,1.1179206466990381,30.590181,35.775043,63751.896562,NV1,1,1,646,645
32017,1151,33.245540406602956,2.5672689754628064,27.909573,39.35731,123844.946653,"NV2,UT1",2,4,1151,1147
32019,258,26.938520713178296,1.1083846847818448,24.482906,29.258253,21147.3903908,NV1,1,1,258,257
32021,419,30.921731288782816,2.1787723659311538,27.336582,37.66233,44608.319223,"NV1,NV2",2,2,419,417
32023,1841,33.5383281379685,3.891604916459786,23.362118,41.945328,189144.519183,"NV1,NV2",2,6,1841,1835
32027,860,31.37864771744186,2.0774418946472215,27.083057,37.329376,94765.675834,"ID1,NV1",2,2,860,858
32029,40,24.2341604,0.38606965451505615,23.647406,25.529638,2916.803766,NV1,1,1,40,39
32031,635,30.249737637795274,3.6351463272541555,23.761213,38.574505,57542.373450600004,"NV1,OR2",2,6,635,629
32033,991,36.356140989909186,2.0877787075678644,32.24215,41.66149,103733.642789,"ID1,NV1,NV2,UT1",4,2,991,989
32510,14,26.985739142857142,1.0360983892926874,25.483204,28.52789,955.2177776,NV1,1,1,14,13
35001,136,24.340655029411764,0.5762589233483966,23.251474,25.810358,13612.982261,NM1,1,1,136,135
35003,499,29.98690465731463,0.7904527782614914,27.754585,33.027775,58180.159928,"AZ3,AZ4,NM1",3,1,499,498
35006,637,27.207037632653062,1.0601069122511597,24.738165,30.371223,71452.0632258,"AZ3,NM1",2,1,637,636
35007,525,32.18958078476191,1.381857225153167,29.121323,34.947258,58593.635703,"CO2,NM1",2,2,525,523
35013,21,23.226814476190476,0.2576497800652301,22.81709,23.817482,753.3108173,NM1,1,1,21,20
35017,54,30.2652495,1.569075492014203,24.31257,33.346294,4283.1863435000005,"AZ4,NM1",2,2,54,52
35019,135,28.08652702962963,0.5082090862954945,27.14641,29.249996,18822.41447,NM1,1,1,135,134
35021,168,30.920337660714285,0.7213843132426575,29.677656,32.80222,19832.895418,CO2,1,1,168,167
35023,330,30.793159784848484,0.5322184587876198,29.642096,31.92037,31160.039714,AZ4,1,1,330,329
35027,20,28.146497399999998,0.2712489232753606,27.824879,29.05064,2481.402531,NM1,1,1,20,19
35028,9,25.866212333333333,0.24444868541730866,25.51487,26.32198,283.26699,NM1,1,1,9,8
35029,8,26.464447,3.0950578075586432,22.62078,30.36232,600.5716585,"AZ4,NM1",2,5,8,3
35031,888,26.18314061599099,1.191296347058413,23.08056,29.138538,103642.365174,"AZ3,NM1",2,2,888,886
35033,296,31.406516966216216,0.558333437664663,30.187323,32.982986,34588.536402,"CO2,NM1",2,1,296,295
35039,570,30.945985092982454,1.6644756142516917,26.546776,34.170864,52828.9184688,"AZ3,CO2,NM1",3,2,570,568
35043,491,25.638558248472506,1.7972359256921708,23.038004,29.476015,53543.4317942,"AZ3,NM1",2,2,491,489
35045,875,27.762103376000002,1.4037502829900304,24.238914,32.481915,94386.4263079,"AZ3,NM1",2,2,875,873
35047,547,29.447884021937845,1.7521492193187442,25.671808,32.871082,61245.6079061,"CO2,NM1",2,2,547,545
35049,258,25.39044296511628,1.0428412958498356,23.532597,28.80028,22846.1034814,NM1,1,1,258,257
35051,7,30.783284000000002,0.32713780906777823,30.398243,31.15149,291.822482,NM1,1,1,7,6
35053,465,28.229658615053765,1.4841252573537063,25.347128,31.52273,49749.4705103,NM1,1,2,465,463
35055,154,31.148695506493503,2.1628522732435296,23.381771,35.72578,10475.2195672,"CO2,NM1",2,2,154,152
35057,490,26.610378595918366,0.7384784948154189,24.52135,28.132347,60497.7823187,NM1,1,1,490,489
35059,52,29.83753971153846,0.6532381883784305,29.18739,31.7423,7081.525894,CO2,1,1,52,51
35061,174,25.181923718390806,0.45451958218841787,23.859451,26.141888,18498.4763387,NM1,1,1,174,173
41001,320,31.533123515625,1.5066227155427758,27.62809,34.329777,27691.511247,OR3,1,2,320,318
41003,80,36.490045625,2.9994094919050944,28.973974,40.11877,4482.0490109,OR1,1,5,80,75
41005,140,33.595047328571425,1.7102127112062608,30.45973,38.851486,5838.9367155,OR1,1,2,140,138
41007,112,41.00298966964285,2.5492825894916313,31.453556,43.76106,9154.915588,OR1,1,4,112,108
41009,108,36.54478407407407,2.055833608546601,31.368391,39.437145,8076.7232398,"OR1,WA2",2,2,108,106
41011,94,41.366526627659574,4.12052653402674,29.586405,46.09356,4619.7315978,OR2,1,7,94,87
41013,379,36.576761730870714,1.599856172114013,33.67025,40.247437,39046.130877,"OR2,WA2",2,2,379,377
41015,26,48.842820230769235,2.808534079944272,42.47085,54.091953,892.0146729,"OR1,OR2",2,4,26,22
41017,272,34.99623826470588,1.9689785157946127,25.81837,37.3422,24570.5562799,"OR1,OR2,WA2",3,2,272,270
41019,246,38.163678910569104,3.9651006732488114,28.522242,48.173965,10605.1508556,"OR1,OR2",2,7,246,239
41021,207,34.46587988405797,1.2815302776217923,31.668404,36.401016,20603.627022,"WA2,WA3",2,2,207,205
41023,365,38.979464542465756,2.787295173316067,30.62529,44.137924,28267.366426,"ID1,OR2,OR3,WA2,WA3",5,4,365,361
41025,1279,36.10037923924941,2.9978940976902013,30.727543,43.814934,144617.168678,"ID1,NV1,OR2,OR3",4,5,1279,1274
41027,32,34.89562234375,0.8010903507985946,33.705544,36.290527,1376.7958776,OR1,1,1,32,31
41029,228,29.30982629385965,1.1642345997804153,27.207714,32.798878,14301.047779,"CA1,OR2",2,2,228,226
41031,241,36.62498536514523,1.284365942351275,33.33779,38.887177,19925.0365893,"OR1,WA2",2,2,241,239
41033,90,32.294635444444445,2.251309980674783,27.893612,35.767494,2129.1984664,OR2,1,2,90,88
41035,560,33.21040965535715,3.196488675129101,24.886866,41.799557,49096.3401676,"CA1,OR2",2,5,560,555
41037,1007,35.97498115193645,2.001468391142604,32.71626,42.443684,105923.391243,"CA1,ID1,NV1,OR2",4,2,1007,1005
41039,244,38.316402360655744,4.058233108996567,28.952852,45.840523,14614.7145482,"OR1,OR2",2,7,244,237
41041,64,39.883228875,2.6706042246549764,30.85495,45.065407,2740.7814068,OR1,1,4,64,60
41043,204,36.195446264705886,1.8697831987479876,29.515299,38.77695,12261.7696047,OR1,1,2,204,202
41045,1403,32.426956813257306,4.3746077160933075,26.806355,44.730553,155530.33517,"ID1,NV1,OR3",3,7,1403,1396
41047,149,33.02897034228188,1.8535788254874672,29.876524,39.218002,7686.241057,OR1,1,2,149,147
41049,298,34.59753439261745,1.0154385035022029,32.212757,37.00274,31601.173888,"WA2,WA3",2,1,298,297
41051,27,34.33811385185185,1.6692634986505446,31.823017,37.40883,1097.9321751,OR1,1,2,27,25
41053,105,34.3692016952381,2.0836355351203224,30.020626,38.51534,5301.3961776,OR1,1,2,105,103
41055,132,33.619309030303036,0.724830173881887,32.070957,35.145042,14816.326486,WA2,1,1,132,131
41057,61,39.76490934426229,1.9543627727142576,35.76149,44.001244,2908.952525,OR1,1,2,61,59
41059,436,36.78750138990826,2.0529756050207344,27.817677,40.065544,43270.9796867,"OR1,OR3,WA2,WA3",4,2,436,434
41061,203,36.19445605418719,1.6745204200667037,27.75337,39.934116,17675.812897,"OR1,OR3,WA2,WA3",4,2,203,201
41063,209,41.696867468899526,2.097082072859581,37.998238,44.976074,18760.3844222,"ID2,OR3,WA2,WA3",4,2,209,207
41065,357,35.51390548739496,1.2638482054540014,27.40536,39.052685,35180.0482617,"OR1,WA2",2,2,357,355
41067,92,35.04882472826087,1.9689271932389538,30.560522,38.468803,5510.4995004,OR1,1,2,92,90
41069,244,38.0317369795082,1.2545744788468585,36.016533,40.913567,18657.572092,"WA2,WA3",2,2,244,242
41071,114,34.245576885964915,1.1095046518433251,30.958912,37.482483,5993.5145154,OR1,1,1,114,113
46007,172,32.31838525581395,0.8859411355292369,30.70253,33.86641,23511.092307,SD1,1,1,172,171
46019,380,29.16041677105263,0.719125346637205,25.791925,31.038269,47736.380447999996,SD1,1,1,380,379
46033,173,28.46626469364162,1.4334583921358122,26.66306,31.382587,15052.6990363,"SD1,WY3",2,2,173,171
46041,79,33.84687627848101,0.603832081197267,32.693188,35.312946,10292.870365,SD1,1,1,79,78
46047,260,29.929029223076924,0.7961103570443606,28.421072,31.875505,23625.9050237,SD1,1,1,260,259
46055,300,31.14025106333333,0.9479349023990267,29.11183,32.7925,40458.746492,SD1,1,1,300,299
46063,384,32.04978244010417,1.0811554901483933,30.037977,34.195827,51553.388247,"SD1,WY3",2,1,384,383
46065,5,35.593682,0.21099259842112927,35.427742,35.94286,574.616798,SD1,1,1,5,4
46071,307,31.96247993811075,0.8463830654710656,29.485247,33.669487,37141.544991,SD1,1,1,307,306
46075,171,34.14615721052632,0.7183811744139833,32.679337,35.547153,20539.048826,SD1,1,1,171,170
46081,59,30.156754491525422,0.6844094742985117,28.51512,31.650227,4294.727149,"SD1,WY3",2,1,59,58
46085,13,35.41736284615385,0.12097576443159291,35.184017,35.54895,1157.350355,SD1,1,1,13,12
46093,558,28.280009120071686,1.2359026792367707,25.61403,31.01866,75272.984367,SD1,1,2,558,556
46095,173,34.15314423699422,0.7775751952307046,32.59653,35.62416,23953.949728,SD1,1,1,173,172
46102,328,30.202088658536585,0.8095790218182682,28.29446,31.64894,41784.337698,SD1,1,1,328,327
46103,325,28.21493026769231,1.4840278157894298,25.822838,32.173916,31171.3167792,"SD1,WY3",2,2,325,323
46105,320,31.957766915625,1.0397865402639443,29.517515,34.072964,43938.862259,SD1,1,1,320,319
46107,79,33.87889727848101,0.2639788569816845,33.370537,34.49909,9781.704533,SD1,1,1,79,78
46117,206,33.87053532524272,0.8700916410058329,32.115696,35.53197,26365.091457,SD1,1,1,206,205
46119,10,33.8026394,0.07865964160892715,33.692413,33.933468,1388.31756,SD1,1,1,10,9
46121,148,34.90161295945946,0.7596972217873403,33.55921,36.21063,20036.799955,SD1,1,1,148,147
46137,278,32.00706932014389,0.9095344528057788,29.918673,33.644455,37731.111769,SD1,1,1,278,277
49001,369,35.42187810840109,1.715793417806319,33.163387,39.305447,40146.832215,"NV2,UT1",2,2,369,367
49003,627,34.32174396491229,2.0274476743140837,26.176676,39.245773,55332.9520627,"ID1,ID3,UT1",3,2,627,625
49005,110,32.24406936363636,2.9689756965153675,26.042109,35.5068,6148.5469531,"ID3,UT1,WY1",3,5,110,105
49007,139,35.84866897122302,1.4352696561050502,24.788284,38.582817,9458.619632,"UT1,WY1",2,2,139,137
49009,32,31.47856775,1.0684651287481688,28.694307,33.05251,1962.882484,WY1,1,1,32,31
49011,1,27.126692,0.0,27.126692,27.126692,13.5,UT1,1,1,1,0
49013,295,34.643006101694915,1.210963893808468,25.116354,37.2559,28528.274902,"UT1,WY1",2,2,295,293
49015,405,36.45265735308642,1.8199111504440177,33.083637,43.17989,21266.500976,"UT1,UT2,WY1",3,2,405,403
49017,221,41.53919871040724,4.753058787841238,33.880054,49.197147,13101.195113,"AZ2,NV2,UT1,WY1",4,9,221,212
49019,279,39.46036268817204,3.221456288865692,34.486183,45.281586,14947.8566285,"NM1,UT1,UT2,WY1",4,5,279,274
49021,443,34.17701465914221,1.5930312336653782,24.255089,35.95884,43276.0807736,"NV2,UT1",2,2,443,441
49023,462,33.235235554112556,4.778730257099511,27.393309,43.989872,45215.861831,"NV2,UT1",2,9,462,453
49025,154,35.67983333116884,2.976422211349483,32.001305,43.085808,10189.458426,"AZ2,NV2",2,5,154,149
49027,966,34.83756430848861,2.7089161110664755,30.62225,44.342903,110233.614483,"NV2,UT1,UT2",3,4,966,962
49029,38,29.083478184210524,1.2124588332759192,27.360651,31.28285,2896.248324,"UT1,UT2",2,2,38,36
49031,70,35.96736958571429,3.1119545506511774,30.817268,41.00563,4530.916292,"NV2,UT1",2,5,70,65
49033,150,32.254788186666666,1.118479828318362,29.96603,34.842686,12392.566063,"ID3,UT1,UT2,WY1",4,1,150,149
49035,25,28.16119276,0.9888696071751696,26.05379,29.984964,917.996944,"UT1,UT2",2,1,25,24
49037,760,36.37713790263158,5.222725019797631,30.175661,47.407833,62711.1721814,"AZ1,AZ2,AZ3,NM1,UT1,WY1",6,11,760,749
49039,158,32.44693736708861,0.9581034048480181,27.53161,34.300694,10933.6418575,UT1,1,1,158,157
49041,152,35.633845585526316,2.3109826446470594,30.788986,41.16161,9777.418178,"NV2,UT1",2,3,152,149
49043,131,29.362996992366412,1.7522537370115878,26.385237,34.2428,9743.481718000001,"UT1,UT2,WY1",3,2,131,129
49045,489,32.44497737014315,4.693384740853559,27.363312,43.479042,41053.5064399,"ID1,NV2,UT1",3,9,489,480
49047,527,33.70629672675522,2.7886318687343112,24.492857,41.27883,37157.8192905,"UT1,UT2,WY1",3,4,527,523
49049,144,28.762756888888887,2.091433384414874,26.125286,34.161636,10021.1596395,UT1,1,2,144,142
49051,58,29.42071553448276,3.4000377643737876,25.662724,34.144722,3097.6451333,"UT1,UT2,WY1",3,5,58,53
49053,154,32.94631420779221,3.418750903887499,23.715315,36.83032,7126.0515772,"NV2,UT1",2,5,154,149
49055,223,38.07673606726458,3.809148908225629,30.923578,48.0313,13998.009385,"UT1,WY1",2,6,223,217
49057,33,28.2733673030303,2.1723173970882956,26.5232,35.401478,1401.8654708,"UT1,UT2",2,2,33,31
53001,346,34.01368617919075,0.4440278353398708,32.783108,34.892097,39969.673549,"WA2,WA3,WA4",3,1,346,345
53003,66,38.25210671212121,0.6568018362888176,37.131363,40.424515,5133.662798,"ID2,WA3,WA4",3,1,66,65
53005,277,31.822550364620938,1.2318193330065008,28.427189,34.96643,29025.2603058,"WA2,WA4",2,2,277,275
53007,44,30.23788225,0.7455440493436181,28.803654,31.958153,1594.0431303,WA3,1,1,44,43
53009,148,48.17382178378378,8.623118422818887,30.765574,55.759003,9788.873481,"WA1,WA2",2,63,148,85
53011,88,36.72073302272727,1.3853952084686052,33.49561,39.65884,2915.5793431,OR1,1,2,88,86
53013,95,37.617108357894736,0.7456968055785311,36.125072,39.14935,9524.165033,"WA2,WA4",2,1,95,94
53015,122,37.90994153278689,2.630988260795996,31.43644,40.700058,7642.6968219,"OR1,WA1,WA2",3,4,122,118
53017,310,30.559292841935484,1.6939406602920124,27.365273,34.27551,34694.0173561,WA3,1,2,310,308
53019,175,37.96148064,2.864958448571149,33.896553,44.28559,10379.3090386,"WA3,WA4",2,4,175,171
53021,219,34.272090497716896,0.9750454140202489,28.639074,35.759212,23880.441246899998,"WA2,WA4",2,1,219,218
53023,91,37.246898494505494,0.5290059518762424,36.289337,40.103767,9546.998789,"ID2,WA3,WA4",3,1,91,90
53025,471,32.01888694267516,1.1395561261983276,28.2903,34.69441,48879.309697,"WA2,WA3",2,1,471,470
53027,272,42.67994055147059,2.795603947577267,32.564617,46.968723,23151.8712125,"WA1,WA2",2,4,272,268
53029,34,37.83807879411764,3.141127923740779,33.57864,43.709198,468.9421698,WA1,1,5,34,29
53031,112,48.001283767857146,2.0533295121687223,42.187843,51.29705,8077.446456,WA1,1,2,112,110
53033,84,34.41361019047619,1.08801869129635,32.62475,38.714634,2070.8777973,WA1,1,1,84,83
53035,42,37.35903280952381,5.423266212836876,31.58435,47.01752,1033.0453254,WA1,1,13,42,29
53037,154,31.048234376623377,1.4000171677204938,28.684158,35.511738,9181.2339625,"WA2,WA3",2,2,154,152
53039,296,31.30519114527027,1.3978460587551134,29.013227,34.629753,31213.570119,WA2,1,2,296,294
53041,226,37.85855231415929,2.1907414022303615,31.619902,41.72307,15055.7139711,"WA1,WA2",2,2,226,224
53043,410,32.82079131219512,0.7983562448898398,30.993244,34.921047,48367.921252,"WA3,WA4",2,1,410,409
53045,115,39.07249335652174,2.9944366612134705,31.918634,42.034107,7749.9085851,"WA1,WA2",2,5,115,110
53047,426,35.84153310093897,2.3153494984214658,31.364141,42.588764,35198.8740851,WA3,1,3,426,423
53049,109,43.677910779816514,1.5883670806437395,40.88703,46.96828,7860.8592275,"OR1,WA1",2,2,109,107
53051,95,35.363500389473685,2.605670733249967,32.62334,42.056202,5896.961556,"ID2,WA4",2,4,95,91
53053,114,34.04096164035088,2.262187434242598,31.616627,41.36021,5129.8654284,WA1,1,2,114,112
53055,9,48.03868444444444,0.5894437390862927,46.938633,48.6914,298.58981600000004,WA1,1,1,9,8
53057,131,39.762023534351144,2.6287353976840815,32.514385,42.619656,5249.0576315,WA1,1,4,131,127
53059,36,39.06552966666666,1.4719949057022916,35.170765,40.744987,1323.0355515,"OR1,WA2",2,2,36,34
53061,134,36.26654173134328,1.6313971394946385,33.276615,41.8214,5423.7704666,WA1,1,2,134,132
53063,271,31.53257180811808,0.8590471088252408,29.516682,33.279636,19356.3156704,"ID2,WA4",2,1,271,270
53065,317,35.98952304731861,3.0839256081248565,30.8365,42.343945,23893.9351221,"ID2,WA4",2,5,317,312
53067,93,35.53100561290323,2.4298553218228296,31.852661,39.292496,3913.8831956,"WA1,WA2",2,4,93,89
53069,37,42.407466702702706,1.384224462360839,40.64856,44.81957,2766.505807,OR1,1,2,37,35
53071,217,36.46413221198157,1.7797861492605835,28.897055,39.47961,23017.8077927,"WA2,WA4",2,2,217,215
53073,92,39.93005217391305,5.292318530977722,31.383036,45.73404,2452.3722289,WA1,1,12,92,80
53075,379,34.72577531134564,1.0198382586137031,32.715454,37.622196,43509.594304,"ID2,WA4",2,1,379,378
53077,522,29.449046057471264,1.0751122591297941,27.593431,33.10365,46359.8633643,WA2,1,1,522,521
56001,609,29.95344146141215,1.2015230438462212,25.569324,33.074017,66155.68172,"WY3,WY4",2,2,609,607
56003,432,34.38952725462963,1.4737260330141158,31.168005,40.95605,45662.6285143,"MT3,WY2",2,2,432,430
56005,799,27.921605788485607,1.060549611579327,25.590078,30.505123,97010.003238,"WY2,WY3",2,1,799,798
56007,1167,33.274465850899745,2.176215168638449,30.025312,42.037315,137786.8099094,"CO1,WY1,WY3,WY4",4,2,1167,1165
56009,545,31.15847352844037,1.190875803220796,28.786692,33.805233,62982.407173,"SD1,WY2,WY3",3,2,545,543
56011,445,29.399178730337077,1.2804633115600834,26.67819,31.814684,54793.550805,"SD1,WY3",2,2,445,443
56013,1142,33.88432488791594,1.8135312707181581,25.37178,39.934048,133289.4489809,"MT3,WY1,WY3",3,2,1142,1140
56015,32,28.066050875,0.23228287902771322,27.683077,28.523441,4525.66794,WY4,1,1,32,31
56017,288,35.48649563541667,0.6496823609075998,33.831272,37.036865,32265.091033,"MT3,WY1,WY2,WY3",4,1,288,287
56019,583,30.316860229845624,0.9996402643699366,27.068995,32.969646,73596.264922,"WY2,WY3",2,1,583,582
56021,471,26.96402623779193,0.696945624000835,25.540777,28.625017,52578.1044263,WY4,1,1,471,470
56023,450,30.509716131111112,1.600028722865607,28.010334,34.17266,47306.8126718,"ID3,UT1,WY1",3,2,450,448
56025,879,33.21256799317406,1.1488775885514184,25.666698,35.947365,110140.916957,"MT3,WY1,WY2,WY3,WY4",5,1,879,878
56027,145,31.13917943448276,0.48445588522558564,29.958721,32.036797,20308.446735,"SD1,WY3",2,1,145,144
56029,405,33.05997744197531,1.2155382989315806,30.826963,35.77753,43882.934231,"MT3,WY3",2,2,405,403
56031,110,29.178512463636363,0.6715774656405334,28.064041,31.031206,13679.499723,WY4,1,1,110,109
56033,324,28.676000459876544,0.816059485521683,27.115393,30.683937,35335.693027,"WY2,WY3",2,1,324,323
56035,522,34.063224375478924,5.342305184983255,28.571276,46.608837,59490.380793,WY1,1,12,522,510
56037,1647,28.913622871888283,2.6569803073178195,25.05742,42.56126,206710.038692,"CO1,WY1",2,4,1647,1643
56039,23,28.50399282608696,3.3042716267342005,26.479788,37.1541,658.2361078,"ID3,WY1",2,5,23,18
56041,363,30.799262082644628,1.1393386013800082,28.230719,34.42994,39298.3862945,"UT1,UT2,WY1",3,1,363,362
56043,357,34.352063579831935,1.0752941423789437,31.53702,36.85301,43020.774047,"MT3,WY2,WY3",3,1,357,356
56045,393,29.154225982188297,1.0021356148626372,26.680727,31.188776,44085.695937,WY3,1,1,393,392
